email,group,promotional_email_subject,click
bahirahdewiana8d4@online.ms,treatment,personalization,0
abdurrahmanagoengxzq@sharedmailbox.org,treatment,personalization,1
zaituniratuj4@ma.nl,control,generic,0
arifineffendy8@heerschap.com,treatment,personalization,1
bulannafizah1i@informaticos.com,control,generic,0
latip3@fakemailz.com,treatment,personalization,0
shafiyahwp@thirdage.com,treatment,personalization,0
chaerunisa@motormania.com,control,generic,0
bungam@teenagedirtbag.com,control,generic,0
lianggemiujf@clrmail.com,control,generic,0
nadhasadiahn@mail2ok.com,treatment,personalization,0
nadha@netster.com,treatment,personalization,0
ichsanefendit1@e-mail.com.tr,control,generic,0
anesmuhtadisqr@sunsgame.com,treatment,personalization,0
atiah09@mail2tv.com,control,generic,0
nadimahnurmalaxk@powerdivas.com,treatment,personalization,0
chaidarcatur@postmaster.co.uk,control,generic,1
fitriani_q@mail2peter.com,control,generic,0
cucumisbahml@ieh-mail.de,control,generic,0
hafizanediat4q@myphantomemail.com,control,generic,0
meilianafadhilab@muslim.com,treatment,personalization,0
arifinzulkarnaenlr6@mail2carolyn.com,control,generic,0
tousamulyaningsihk@mail2concert.com,treatment,personalization,0
alzenaparidahbk@net-c.lu,treatment,personalization,0
rexy@2die4.com,control,generic,0
syamsiah@solvemail.info,control,generic,0
khairunisaekobxf@ihateclowns.com,control,generic,0
putu4c@stop-my-spam.pp.ua,treatment,personalization,0
ikramullah@europe.com,control,generic,1
dellia7k@email2me.com,treatment,personalization,0
cahyamahadewixt@mail2swiss.com,control,generic,0
mursyidaal@zing.vn,control,generic,0
kartikauh9@mail2hera.com,control,generic,0
basyire@mail3000.com,control,generic,0
nurhasanahu@mailms.com,control,generic,0
mardiahhanifahs@ok.net,treatment,personalization,0
waqidarifin@the-galaxy.net,treatment,personalization,0
rahmantimotiuss@mail2dominicanrepublic.com,control,generic,0
chairunisayb@freemail.de,treatment,personalization,0
waliyuddinlu@yapped.net,treatment,personalization,0
galuh53@the-quickest.com,treatment,personalization,0
nurq@telinco.net,treatment,personalization,0
citra5@wongfaye.com,control,generic,0
basuki@mail2jessie.com,control,generic,0
prijonov@yopmail.org,control,generic,0
raja02@calidifontain.be,treatment,personalization,0
darmawany@guerrillamail.net,treatment,personalization,0
mubarokz9h@mail2tickets.com,control,generic,0
retifahafidzah6@altavista.com,control,generic,1
ibrahimmansyur9_@fastmail.gr,treatment,personalization,0
sofyansesark7b@postafree.com,control,generic,1
nirmala4@mail2howard.com,treatment,personalization,0
alif@wombles.com,treatment,personalization,1
nurjannah_@mynetstore.de,treatment,personalization,0
lutfiah@mail2pennsylvania.com,treatment,personalization,0
malikussalehmuhyiddinqw@fromidaho.com,control,generic,0
azizul3@mail2genes.com,treatment,personalization,0
naniksetiawatiza@humanux.com,control,generic,0
afendyprabowo@collectiblesuperstore.com,control,generic,1
meutiaetifn@o2.co.uk,treatment,personalization,0
lintangs@turboprinzessin.de,control,generic,0
zulfikriprijono@aahlife.com,control,generic,0
effendiy@frommissouri.com,treatment,personalization,0
abdillahn@coolmail.com,treatment,personalization,1
erwianayunitahx@casualdx.com,control,generic,0
desiyantikartikabn1@scanova.in,control,generic,0
saifuddin@mail2rich.com,control,generic,1
ratnacandray@i-p.com,treatment,personalization,1
hafizahrivinarpe@wolke7.net,control,generic,0
wisnuprasetyov9q@from-argentina.com,control,generic,0
firmanmemetk@evertonfans.com,control,generic,0
maemunahmeilianau@ist-ganz-allein.de,treatment,personalization,0
prettychodijahhk@minermail.com,treatment,personalization,0
fahmiagoengy@thelanddownunder.com,treatment,personalization,0
xaveriusmegoi@mailgate.gr,treatment,personalization,0
humaidahazizaha@inet.net.au,treatment,personalization,0
airlanggariwin0s@boxbg.com,control,generic,0
masudah86c@yyhmail.com,control,generic,0
cahyaningsihmulyaningsihps@mail2care.com,treatment,personalization,0
nimahcute@wonder-net.com,treatment,personalization,0
zaenabr@luukku.com,treatment,personalization,0
cahayagp@centrum.sk,treatment,personalization,0
luthfie@marfino.net,control,generic,0
sopiahhusniyah2u5@mail2kerry.com,treatment,personalization,0
amsala@worldemail.com,control,generic,0
iwanix0@fleckens.hu,control,generic,1
waqidk@from-china.net,control,generic,0
linggajf@bullsgame.com,control,generic,0
lestarii@ru.ru,control,generic,0
surianasyahnaz36@cute-girl.com,treatment,personalization,1
bernardia_@easypeasy.com,treatment,personalization,0
tijahlestarigw@live.com.ar,control,generic,0
shofiahipah@mail2iran.com,treatment,personalization,0
trisyamsiah_5@mail2kendall.com,treatment,personalization,0
purnamasamiyahu@ajacied.com,control,generic,0
budionoze@toomail.biz,treatment,personalization,0
faishalzikrikf7@mail2dominica.com,treatment,personalization,0
suparmanr@nexxmail.com,control,generic,0
mustofav6@mail2bruce.com,control,generic,0
abdulazisarifsnd@telefonica.net,treatment,personalization,0
kusumofransiskosdz@the-marine.com,treatment,personalization,0
khairiyahsetyaningsihbux@hotmail.co.uk,treatment,personalization,0
nurdiniln@berlin.de,treatment,personalization,0
masturahr3@theraces.com,treatment,personalization,1
amierkomarudinnb@noblepioneer.com,control,generic,0
suwarnob@centermail.at,control,generic,0
sukarnoibrohimjg@ieh-mail.de,control,generic,0
jadidrh@my10minutemail.com,control,generic,0
puspamahendri9@mail2psychologist.com,control,generic,0
soekarnoandrix8@yaho.com,treatment,personalization,0
kameliakhairunnisa19e@lopezclub.com,treatment,personalization,0
suryanidillahs8s@mail2seattle.com,treatment,personalization,0
komariahwayanw@jetable.de,control,generic,0
musliminadityoy5@cosmo.com,control,generic,1
wisnubrotoh@mail2philippines.com,treatment,personalization,1
fajarbethariu7@truthmail.com,control,generic,1
mahadewip1@contractor.net,control,generic,1
tirtaasih5o@zxcv.com,treatment,personalization,1
keumaladillahzy@ntlworld.com,treatment,personalization,1
faridah@vovan.ru,treatment,personalization,0
hamdiah0@discard.ga,control,generic,1
edhiewawan08l@uswestmail.net,treatment,personalization,1
memedb@linuxmail.org,control,generic,0
vinaluthfiah@indexa.fr,control,generic,0
hayatiwulanc@viditag.com,treatment,personalization,0
latipawandiek@mail2wayne.com,treatment,personalization,1
sudartomuinm@mail2jennifer.com,control,generic,0
gunawana@ezagenda.com,control,generic,0
audjahe@classicalfan.com,control,generic,1
agoesu@backwards.com,control,generic,0
maimunah@otakumail.com,control,generic,0
kamelial@mydomain.com,treatment,personalization,0
komarudinx@freeuk.com,treatment,personalization,0
junaidiv@mancity.net,control,generic,0
fandyb@latinmail.com,control,generic,0
zulkiflyu6g@mailnator.com,treatment,personalization,0
suryawan6@mailtag.com,treatment,personalization,0
fatmawatil@meine-fotos.info,control,generic,0
fadilahsod@mail2danny.com,treatment,personalization,1
aneso@cheyenneweb.com,control,generic,0
shafafitrianahomb@33mail.com,control,generic,0
nurdin34@complxmind.com,treatment,personalization,0
sustrililinf@mail2cowboy.com,treatment,personalization,0
bagus62@mantraonline.com,control,generic,0
hakiemsoeriantowe9@city2city.com,treatment,personalization,0
ayubismatullahr@terra.cl,control,generic,1
erviana6@mail2robert.com,treatment,personalization,1
effendywiramng@girlsundertheinfluence.com,treatment,personalization,1
yacubx2@diplomats.com,control,generic,0
saripalar@mail2queen.com,treatment,personalization,0
soeriantorohim7@celtic.com,treatment,personalization,0
maimunahkalsum6@mail2hugh.com,treatment,personalization,0
hamengkubuwonomukhlis0w@hotmail.my,treatment,personalization,0
evanova@mail2tom.com,control,generic,0
bagusmahmudsxo@fizmail.com,treatment,personalization,0
megawatihumairahbo4@mail2airbag.com,treatment,personalization,1
fatimahaj@126.net,treatment,personalization,0
aliezn@mail2millionaire.com,control,generic,1
dilahv2l@mittalweb.com,control,generic,0
priyantozulkipli@mail2andrea.com,treatment,personalization,0
husing@windstream.net,control,generic,0
hayuhasanah6@marana.com,control,generic,0
yonathanhanung5@mailite.com,control,generic,0
chairunnisarivina@centoper.it,control,generic,0
nafisahaeo@showfans.com,control,generic,1
budhyhawaril@mail2horse.com,control,generic,0
faizal@butch-femme.net,control,generic,0
hamimahapfia8@flashbox.5july.org,treatment,personalization,0
rizkifrizar@chaiyo.com,control,generic,0
muchamadmuslimyq@tech-center.com,treatment,personalization,0
argo00@explodemail.com,control,generic,1
yunita@cashette.com,treatment,personalization,0
nurdin@vorsicht-bissig.de,control,generic,1
anesj@edtnmail.com,treatment,personalization,1
adithya7l@thai.com,control,generic,0
frisaratnae@susi.ml,control,generic,0
nurhayati7@blumail.org,control,generic,0
ridho4h@pluno.com,control,generic,0
khairuddinrachmank1@bigboab.com,control,generic,0
khodijahwilsappf@allmail.net,treatment,personalization,1
norjannah@jetable.com,control,generic,0
juwariyahamirahg_r@visualcities.com,treatment,personalization,0
muzaimah94@stuffmail.de,control,generic,0
andhika@netizen.com.ar,control,generic,0
humairah1sr@mail2worship.com,control,generic,0
gandungpatriot1@yapped.net,treatment,personalization,1
solihyatno@dyndns.org,treatment,personalization,0
wiraf7@montevideo.com.uy,control,generic,0
muslimh@web-police.com,treatment,personalization,0
suhailiendangnxk@positive-thinking.com,control,generic,0
aziembayu6s@instantmail.fr,control,generic,0
faesalbaskoro@coolgoose.com,control,generic,0
darmawati9qw@thepostmaster.net,control,generic,0
wisnusaktie@flashemail.com,treatment,personalization,1
endangmarce1@e-mail.ua,control,generic,1
zulkhairiayubl@altavista.net,treatment,personalization,1
putifo@itloox.com,control,generic,0
yatnomh4@lazyinbox.com,treatment,personalization,0
redhan@mail2wired.com,control,generic,0
asepjamiluddinbg@mini-mail.com,control,generic,0
hidayatdarwisp0@mail2canada.com,treatment,personalization,0
dilah7x@ljiljan.com,treatment,personalization,0
wulandariz9@emails.ga,control,generic,0
fadhilahmarcez@mail2bob.com,treatment,personalization,0
aziswibawav9@lifebyfood.com,control,generic,0
akmadia@fake-email.pp.ua,control,generic,0
nimas2@disign-revelation.com,control,generic,0
desiyanti_@hotletter.com,treatment,personalization,0
abramai@coldmail.com,control,generic,0
theressiakadek1mq@hotmail.com.tr,treatment,personalization,0
ikrimahciptan@inbox.lv,control,generic,1
darmawatiu@activist.com,control,generic,0
durahmanz@outlook.co.th,treatment,personalization,1
deuisgo4@technologist.com,control,generic,0
noerdinbo@mail2alyssa.com,treatment,personalization,0
kuwate@5ghgfhfghfgh.tk,control,generic,0
feriscachaerunnisag6t@homeworkcentral.com,treatment,personalization,0
ngurahaditiazy@mobilbatam.com,control,generic,0
manzamzam3x@mail2eat.com,treatment,personalization,1
husinzulkiflyv@mail2greg.com,control,generic,0
marnou2@mail2lucy.com,treatment,personalization,0
marzukizhali5f@ezagenda.com,treatment,personalization,0
anindya@mail2buy.com,control,generic,0
anisahs@mail2tonga.com,treatment,personalization,1
setiawan6@birdowner.net,control,generic,0
hartinahannisahh2@speedpost.net,control,generic,1
sofyan5@get2mail.fr,control,generic,0
amranq2@legalrc.loan,control,generic,0
setyawana0q@lavabit.com,control,generic,1
aminullahsukarno@suomi24.fi,treatment,personalization,0
maulanav3@techseek.com,control,generic,0
atmayan9_d@mail-awu.de,control,generic,1
salahuddinedhi5@jazzandjava.com,control,generic,0
titikwds@mail2don.com,treatment,personalization,0
akbarpriyantox1@z9mail.com,control,generic,0
tembangki@mail2mypalm.com,control,generic,0
nuraisyaha@littleblueroom.com,control,generic,0
nediahafiezahk08@australiamail.com,control,generic,0
harjotaufikcs@tempomail.fr,control,generic,1
salmahutami5w@mail2coastguard.com,treatment,personalization,0
fandykrisnak@dwp.net,treatment,personalization,0
goenawang@minermail.com,control,generic,0
bachtiarrq@mail2java.com,control,generic,0
raffijanurit2@getonemail.com,control,generic,0
ilhamgedeqx@mail2fighter.com,control,generic,0
zidanenikodemusv@centurytel.net,treatment,personalization,0
syafiiaminullah3wu@photo-impact.eu,treatment,personalization,0
hamdiahv28@mail2billy.com,control,generic,1
ibunyomanwm@hotcoolmail.com,treatment,personalization,0
kusumafakhriyah6g@comcast.com,treatment,personalization,0
ependi@dallasmail.com,control,generic,0
dhanacucujdi@kitemail.com,treatment,personalization,0
hasibahpriskianael@spammotel.com,treatment,personalization,0
akmadh@mail2noah.com,treatment,personalization,0
yuda@frontier.com,treatment,personalization,1
madebernardiaqrw@ipex.ru,treatment,personalization,0
noldianugraho@hot-shot.com,control,generic,0
saifanuryum@mail2shawn.com,treatment,personalization,0
prisiasaidah@xoommail.com,control,generic,0
guruh7@yahoo.in,control,generic,0
rugayahta@mancity.net,treatment,personalization,0
khairunnisayuniagvx@mail2aha.com,control,generic,1
sariwatid@tds.net,treatment,personalization,0
shiane@discard.gq,control,generic,0
wahyuningsihnurmala6@xents.com,control,generic,0
mahfudwidodos@nospamfor.us,treatment,personalization,0
suryanti7kj@wooow.it,control,generic,0
shofiyahp@roughnet.com,treatment,personalization,0
luthfibudiarto_uv@mail2noel.com,treatment,personalization,0
budhi_ih@homeart.com,control,generic,0
novitamegawatisb@add3000.pp.ua,treatment,personalization,1
hasanamat0sv@webcammail.com,control,generic,0
nengahamsal@bigpond.com.au,treatment,personalization,0
lutfitana70e@ruttolibero.com,control,generic,0
boentorotaufiq9u@mail2vienna.com,treatment,personalization,1
nurmalitazj@guerrillamail.com,control,generic,0
ependil@fishfuse.com,control,generic,0
enengnurhaliza@wrongmail.com,control,generic,0
meilianaw@indo-mail.com,control,generic,0
fitrianahebm@marriedandlovingit.com,control,generic,0
kartika@bigramp.com,control,generic,0
nurdinhl@mail2edgar.com,treatment,personalization,0
patimahanestasiaep@sneakemail.com,treatment,personalization,1
jadidagungg@burnthespam.info,treatment,personalization,0
ismatullahraharjoz@mail2norway.com,treatment,personalization,1
amatsa@yahoo.com.tr,treatment,personalization,0
farhanah8dh@raubtierbaendiger.de,control,generic,0
zalmamahfudzahgtg@brujula.net,control,generic,0
cindua20e@moscowmail.com,control,generic,0
budiman_6@geologist.com,treatment,personalization,1
aqnest@cox.net,control,generic,0
rahmahv@prepodavatel.ru,control,generic,0
chaerunnisaputroev4@safetypost.de,control,generic,0
dian1i@mail2usa.com,treatment,personalization,0
syamsiahpn@3dmail.com,treatment,personalization,1
rasyadfirman7@sci.fi,treatment,personalization,1
atmadamarl@photo-impact.eu,control,generic,0
jamilahkiranad@emailasso.net,control,generic,0
marnov@mail2found.com,treatment,personalization,0
andarsakti@bakpaka.net,treatment,personalization,0
nuraenirafiqah1fl@nc.ru,treatment,personalization,0
candrawatifz3@bigpond.net.au,treatment,personalization,1
maisarahwo@indyracers.com,treatment,personalization,0
muhammatjif@doramail.com,treatment,personalization,0
saifuddinmaulana_zs@football.theboys.com,treatment,personalization,0
sintashafa@tempemail.com,control,generic,0
azisa3@mail2moon.com,treatment,personalization,1
masidahn@happycounsel.com,treatment,personalization,0
mulyadi@oninet.pt,treatment,personalization,0
deuiso@moldova.com,control,generic,0
mutia@ynnmail.com,control,generic,0
jihannovitapc@worldmailer.com,treatment,personalization,0
zulkipliiyj@astrosfan.com,control,generic,0
asefu0@imap.cc,control,generic,0
arij@addcom.de,treatment,personalization,1
setyawatimahfudzahm@mail2tourist.com,treatment,personalization,0
rezki9l@slickriffs.co.uk,treatment,personalization,0
haedarbiss5r@bigblue.net.au,control,generic,0
hartonofandiw@thexyz.mobi,control,generic,0
hanafifandy7@info66.com,control,generic,0
mukhlisbudiman@disign-concept.eu,control,generic,0
meulus@office-dateien.de,treatment,personalization,1
bayubj@canwetalk.com,treatment,personalization,0
kadir@mail2protect.com,control,generic,0
budiharto4@schweiz.org,treatment,personalization,0
subektimuchamad47@tfz.net,control,generic,0
wahyudinbagus_49@city-of-cambridge.com,treatment,personalization,0
budionohasyimw8s@7mail.ga,control,generic,0
soekarnof9o@careerbuildermail.com,control,generic,0
acengh@live.com.ar,control,generic,1
wandihamdiyah@housefan.com,control,generic,0
hanifahkhalisahe@mail2composer.com,treatment,personalization,1
graceliatijahge5@mail2alcoholic.com,control,generic,0
galuhdhiensn@freeuk.com,treatment,personalization,1
erwianahafidzahu@drdrb.net,treatment,personalization,0
harysalahudinab@sialkotian.com,treatment,personalization,0
haniah@countrylover.com,treatment,personalization,0
ratihfitrianih@poczta.onet.pl,treatment,personalization,1
mawarrafiana04@myotw.net,control,generic,0
izzatimaulinaj62@maltesemail.com,control,generic,0
setyawatilaela1@club-internet.fr,control,generic,1
mochtarkhabibw@mail2convict.com,control,generic,1
yunitaluh0@automotiveauthority.com,control,generic,0
susilawati@mp3haze.com,treatment,personalization,1
taib3_@litedrop.com,treatment,personalization,1
erlanggakurniawanc4@mail2mouseketeer.com,treatment,personalization,0
ariya@bigger.com,treatment,personalization,0
citra0w@n2baseball.com,control,generic,0
mahfudzzulkarnaen@mail2kelly.com,treatment,personalization,1
chalidazisj@fastsuzuki.com,control,generic,1
arsyadkawasae0@grapplers.com,control,generic,0
alzenaratrir@mail2rich.com,control,generic,0
zhalihartomvd@trash-mail.ga,treatment,personalization,0
bintang@cheerful.com,treatment,personalization,0
pratiwisf@mail2crave.com,treatment,personalization,0
nuraeniserix5@geologist.com,control,generic,0
habibah8x@zeeks.com,treatment,personalization,0
meurahaa@secret-police.com,control,generic,0
alamtembang89@outgun.com,treatment,personalization,0
mahmudasepu9@toke.com,control,generic,1
abasmachmudk@mailinator.net,control,generic,1
muinr@mailguard.me,control,generic,0
danial3@mail2argentina.com,control,generic,1
danialgandung_xg@krunis.com,control,generic,0
bagusmahfud5qg@disposableemailaddresses.com,control,generic,0
anisad5@domforfb8.tk,control,generic,0
aidahwayane6@fire-brigade.com,treatment,personalization,0
fransiskossuwarno6q@mail2oliver.com,control,generic,1
zuraidasalimahrk_@mutantweb.com,treatment,personalization,0
fairuzahatanasia40f@songwriter.net,treatment,personalization,1
meutia_i9@7tags.com,treatment,personalization,0
yudas4@thankyou2010.com,control,generic,0
senin5q@pacificwest.com,treatment,personalization,0
fatimah@mail2japanese.com,treatment,personalization,0
respatibentang3@obobbo.com,treatment,personalization,0
qalbinurrza@mycard.net.ua,treatment,personalization,1
saidahtt@zoominternet.net,control,generic,1
rinawatilarasatix8@37.com,treatment,personalization,0
muinakhmatz@politician.com,treatment,personalization,0
ahdijadid0d@surf3.net,control,generic,1
sakinahr@mail2bill.com,treatment,personalization,0
khaerunisa2@opendiary.com,control,generic,0
gunture@kitznet.at,control,generic,0
jahjao@outlook.co.nz,treatment,personalization,0
hakimbasrim@caramail.com,control,generic,1
rizqiyaningsihp@pulp-fiction.com,treatment,personalization,0
chairudineffendiehy@playstation.sony.com,control,generic,0
arsalratnacandrao@teacher.com,treatment,personalization,0
suparmanyy@subnetwork.com,control,generic,0
khrisnafachrion@mail2republican.com,treatment,personalization,0
endang@st-davids.net,control,generic,0
whisnugedeo@modernenglish.com,treatment,personalization,0
machmudu@bmlsports.net,control,generic,0
aditiaandhika3@mail2sexy.com,control,generic,1
mardhiahcn@mail2senegal.com,control,generic,0
bambangpurnomo@mail2judge.com,control,generic,0
hilmish@manager.de,control,generic,0
mahmudicecengt_@mail2bombay.com,treatment,personalization,1
ariefwibowoxn@planetall.com,control,generic,0
fatimahmwc@partybombe.de,control,generic,0
nuraeniwidyaningsihup@altavista.net,treatment,personalization,1
syamsudinq@mail2eli.com,treatment,personalization,0
ardyketutm@mail2mali.com,treatment,personalization,0
nugrahaabdulazis943@mail2pediatrician.com,treatment,personalization,0
zaenabep9@emailz.gq,treatment,personalization,0
raffilesmana6@lr7.us,control,generic,0
cahyadij@married-not.com,treatment,personalization,1
meilisag4n@pacificwest.com,control,generic,0
supian3@cuteandcuddly.com,treatment,personalization,0
robiyt@mail2costarica.com,control,generic,0
hamengkubuwonokomar@paidforsurf.com,treatment,personalization,0
ekonedia7z@brew-meister.com,treatment,personalization,0
hendranimatullahv_@zensearch.net,control,generic,0
hafizab@front.ru,treatment,personalization,0
ikhlasc9q@thepostmaster.net,control,generic,0
kasihjunitawm@mail2president.com,treatment,personalization,0
hidayatullahgunawang8@zweb.in,treatment,personalization,0
fakhriahjelitaa@chauhanweb.com,treatment,personalization,1
dhanamemoirk@id-base.com,control,generic,0
bentang3n@planetaccess.com,control,generic,1
qalbinur4@freezone.co.uk,control,generic,1
azimah38@mail2teacher.com,treatment,personalization,0
aisyahcinta2j@fromconnecticut.com,control,generic,0
munawarratnacandra9w@shaniastuff.com,control,generic,0
kadekcandrawati@muslimemail.com,treatment,personalization,0
cahyakhairiawl@mail2jackie.com,control,generic,0
agoengxo4@mail2earl.com,control,generic,0
hartonon88@freeandsingle.com,treatment,personalization,1
lutfifahmix@topchat.com,treatment,personalization,0
daudu@wirsindcool.de,control,generic,0
aininoorhayatiex@mail2kirk.com,control,generic,0
jamaludinsaifanurl@thestreetfighter.com,treatment,personalization,1
azanwawanbt@dogmail.co.uk,control,generic,1
nimasbuleuen5s@cable.comcast.com,treatment,personalization,0
seri4y@inbox.lv,treatment,personalization,1
suryanamarcei3y@mail2star.com,treatment,personalization,0
prasetyojahja@iportalexpress.com,control,generic,1
budhiabdurrahims@walkmail.ru,control,generic,0
hendrasj6@spaml.com,treatment,personalization,0
meuligoes6@girl4god.com,treatment,personalization,1
hafidzahkeumalahayati@hailmail.net,control,generic,1
sylvianakhansasg@mail2santa.com,control,generic,0
pitalokaindah@email.ru,treatment,personalization,0
andinirasyidah@mail2hongkong.com,treatment,personalization,0
darmawan@omaninfo.com,control,generic,0
rajakomarudino2h@sudoweb.net,treatment,personalization,0
annisadz@mail3000.com,treatment,personalization,0
muin5i@web-contact.info,control,generic,0
wibawa4@youareadork.com,control,generic,1
akifahs@kaffeeschluerfer.com,treatment,personalization,0
mahmud61@mail2junk.com,control,generic,0
jusufvv@fastyamaha.com,treatment,personalization,0
amat80j@mail2woman.com,treatment,personalization,0
dillaza@i.amhey.to,control,generic,0
bayufauzi48@msn.nl,control,generic,0
fairuzahhz@mail2mouseketeer.com,control,generic,0
kadirr26@outgun.com,treatment,personalization,0
amsalkautsarzv@automotiveauthority.com,control,generic,0
faizalaswin@mail2dearest.com,control,generic,0
jamiluddindaud05@trashmail.net,control,generic,0
lutfiyaho0@scientist.com,control,generic,0
skolastikawidyaningsih@mail2reggie.com,treatment,personalization,0
izzakn@mail2ok.com,control,generic,0
pitalokab1@ochakovo.net,treatment,personalization,1
bambanghamdan1j@webtopmail.com,treatment,personalization,0
ibrahimtd@fromsouthdakota.com,treatment,personalization,1
rasyidw@mail2cell.com,treatment,personalization,1
laelac@ukrtop.com,treatment,personalization,0
priniasundaridz@easypeasy.com,treatment,personalization,0
widyaningsihmasturar@scotlandmail.com,treatment,personalization,0
suryaniw@mail2irving.com,treatment,personalization,1
skolastika@mailpokemon.com,treatment,personalization,0
khairinanirmalan@will-hier-weg.de,control,generic,1
rennyad@freudenkinder.de,control,generic,0
mardiahputry@the-gremlin.com,treatment,personalization,1
husniyaheni78@fromminnesota.com,control,generic,0
juwariyahhts@disciples.com,treatment,personalization,0
nabilahaprilia@domforfb1.tk,control,generic,0
effendymahmudjq@planetaccess.com,treatment,personalization,0
abdurrasyidputray@blumail.org,control,generic,0
alifqn@mail2israel.com,control,generic,0
damar4oo@monemail.com,control,generic,0
mahbub@mail2tony.com,treatment,personalization,0
cecengmahfudz@live.dk,control,generic,0
aidahhm@nybella.com,treatment,personalization,1
aringabdurohmanz9@mail2junk.com,treatment,personalization,0
kamilahindah3n@bigpond.au,control,generic,0
masudahsuryaningsih47r@shitware.nl,treatment,personalization,0
rizqiyaningsih@mail2brook.com,control,generic,0
abdurrasyidagoengd9k@pinoymail.com,treatment,personalization,1
utamibulan3@voo.be,control,generic,0
sutrisnoir@ptd.net,treatment,personalization,0
muzaimahekadbc@greensloth.com,control,generic,0
jakahasan7zs@jetable.de,control,generic,0
afendifc6@phone.net,control,generic,1
delliayunirh@mail2rare.com,treatment,personalization,1
tana6y@24horas.com,treatment,personalization,0
firdausslametfh1@email.su,control,generic,0
arifinteguhl@y7mail.com,control,generic,0
bethariakhmatt@cuemail.com,control,generic,0
fadlankasep@vcmail.com,treatment,personalization,0
divanyapo@tempmaildemo.com,control,generic,0
saktiepl@iscooler.com,treatment,personalization,0
dallywachidt@zionweb.org,control,generic,0
ishak22@wptamail.com,control,generic,0
adityassetiawanqt@moakt.com,control,generic,0
frizarizkiqfy@findmail.com,treatment,personalization,1
fitriananajibahbm@bresnan.net,treatment,personalization,1
afandif@mail2paris.com,treatment,personalization,0
melurwahidahf0@mail2vince.com,treatment,personalization,0
azmi@mail2ernie.com,treatment,personalization,0
alamyoyakimj4o@fuse.net,treatment,personalization,0
puspitaq_@mail2kathleen.com,control,generic,1
puspamemoir5@alice.it,treatment,personalization,0
fandyp88@rootprompt.org,control,generic,1
joesoefp7@cmpmail.com,control,generic,0
gugumjahjab@mail.misterpinball.de,treatment,personalization,0
agusamranb5@wheelweb.com,treatment,personalization,0
maman9w@maxmail.co.uk,treatment,personalization,0
riwinm@alphafrau.de,control,generic,0
fachry07u@bresnan.net,treatment,personalization,0
nafizahhumaidah1@sharedmailbox.org,treatment,personalization,0
rataz_@online.nl,control,generic,0
zuraidahn@mail2harry.com,treatment,personalization,0
nanikenihf9@prydirect.info,control,generic,1
suriawati3u@project2k.com,control,generic,1
yovitakgg@tunisiamail.com,treatment,personalization,0
rinduqk@topmail-files.de,control,generic,0
febriantimeilinau@money.net,treatment,personalization,0
sulaeman@ziplip.com,treatment,personalization,0
endanglukym@xoom.com,treatment,personalization,0
abdurachmanxaveriussx@deafemail.net,treatment,personalization,1
mulyaningsihfakhriyahod@codec.ro.ro,control,generic,0
andinimasturah5kx@domforfb7.tk,control,generic,0
syukrix3@mail2sailor.com,treatment,personalization,0
lutfiyahwatio@mail2grace.com,control,generic,0
osha2k_@gonavy.net,control,generic,0
candraningsihfalyau@wales2000.net,treatment,personalization,0
memedabas5@mail2economist.com,treatment,personalization,0
mahbubj@navigator.lv,control,generic,0
hartaafdhalt@rodrun.com,treatment,personalization,0
nasiraha@mail2v.com,treatment,personalization,0
khalifahcipta0o@emailz.gq,control,generic,0
farihahnur@mail2susan.com,control,generic,0
junaidielyas2h@hot-mail.gq,treatment,personalization,0
wangi5@mail2notus.com,control,generic,0
wayan9l@quakemail.com,treatment,personalization,0
rohimkuwatta0@ciudad.com.ar,control,generic,0
novitar@shitaway.usa.cc,control,generic,1
prettynurhidayah2e1@1colony.com,treatment,personalization,0
abdrahman5d@cfl.rr.com,control,generic,0
ardy1@xoxy.net,treatment,personalization,0
yohaneserlanggat9@jmail.co.za,treatment,personalization,1
rivinadesiyanti9@big5mail.com,treatment,personalization,1
nadhaa8@she.com,control,generic,0
putroeg@scientist.com,control,generic,1
mokamad8@orthodontist.net,treatment,personalization,1
japar@nospamthanks.info,control,generic,0
mutia@vote-hillary.com,control,generic,0
agusl@q.com,control,generic,0
jahjateukuu5l@1musicrow.com,treatment,personalization,1
azizulsatrioca@ourklips.com,treatment,personalization,0
febriyantoarifm5@toughguy.net,control,generic,0
sari@fast-mail.org,control,generic,1
made@torba.com,treatment,personalization,0
wachidlesmanaqe1@mfsa.ru,treatment,personalization,0
bagusizzakar@mail2normal.com,treatment,personalization,0
abramarezki@mail-temporaire.fr,treatment,personalization,0
humairah3@acceso.or.cr,control,generic,0
khairunnisaanindita@kabissa.org,control,generic,0
saidahhafizab@mail2teletubbie.com,treatment,personalization,0
ismatullahyrw@arabia.com,control,generic,1
atirahw_b@mail2rod.com,treatment,personalization,0
kurniau@keko.com.ar,treatment,personalization,0
shofiyaht@verlass-mich-nicht.de,treatment,personalization,0
hasyimm@mantraonline.com,treatment,personalization,0
muammarw2@caramail.com,treatment,personalization,1
tsarina@mail2fond.com,treatment,personalization,1
rindu@mail2diana.com,control,generic,1
amirah50@atlas.cz,control,generic,0
meilinanadimahu@art-en-ligne.pro,treatment,personalization,1
muchlisaryof@outlook.ie,treatment,personalization,0
rikan@cong.ru,treatment,personalization,1
sulaemantaufiqk2@mail2cardinal.com,control,generic,0
ratihlarasati@freeproblem.com,treatment,personalization,0
musliminkrisnow@mexicomail.com,control,generic,0
abdi9@berlinexpo.de,treatment,personalization,0
suryanilusiannaf@mail2madagascar.com,treatment,personalization,1
vinataf7@nowmymail.com,treatment,personalization,0
suryaninurul_g@viewcastmedia.com,control,generic,0
susilawatimeilaniewkd@mail2lyle.com,control,generic,0
sutrisnorivintj@war-im-urlaub.de,treatment,personalization,0
robiyacmadnl@polizisten-duzer.de,control,generic,0
maemunah@mail2northdakota.com,treatment,personalization,0
supian52@mail2miami.com,control,generic,0
putri@ieatspam.info,treatment,personalization,0
dzulqarnainf@echina.com,control,generic,0
bagja@mail2massachusetts.com,treatment,personalization,0
gemijeumpated@bigmir.net,treatment,personalization,0
hafidzaryo3s@coolkiwi.com,treatment,personalization,0
fatihahrinawati_p@marina.com,control,generic,0
anessusilom@mortaza.com,control,generic,0
saudahmawarp@mailbidon.com,treatment,personalization,0
wardavina4@geocities.com,control,generic,0
amatoe@sci.fi,treatment,personalization,0
abdillah68r@atl.lv,control,generic,1
hakimridhwanhy@ag.us.to,control,generic,0
surianits@pagons.org,treatment,personalization,1
akifahvf@studentcenter.org,control,generic,1
syamsiahus@mail2hannah.com,control,generic,0
firaas@mailsiphon.com,control,generic,0
hartonodhr@asean-mail.com,treatment,personalization,0
jannahj7@multiplechoices,treatment,personalization,0
sulaeman5a@cyclefanz.com,treatment,personalization,0
nurdinharjona@schoolmail.com,control,generic,0
bagoesagoenghv@fromsouthcarolina.com,treatment,personalization,1
megapb@bossofthemoss.com,control,generic,1
lilinw@mycity.com,treatment,personalization,0
fadhilamutya0@trainspottingfan.com,control,generic,0
zaenabutari27@hidzz.com,treatment,personalization,1
liangbalik4@syom.com,control,generic,0
muchammad4@boardermail.com,treatment,personalization,0
luqmanbudihartode@mail2erin.com,treatment,personalization,0
khalifahgl9@mail2hyperspace.com,treatment,personalization,0
aladinmulyonoj2y@mail2oman.com,control,generic,0
patimah3ca@sandelf.de,treatment,personalization,0
kartikairawatid6s@xmsg.com,control,generic,0
rustamwaliyuddint9@m4ilweb.info,control,generic,1
chodijahkalsumd@odnorazovoe.ru,treatment,personalization,0
subrotoy7v@nandomail.com,treatment,personalization,0
mahadewi6@showfans.com,treatment,personalization,0
susilawatiq@spray.no,control,generic,0
rarungikrimahh@mail2pennsylvania.com,control,generic,0
linggaamranzy@general-hospital.com,treatment,personalization,1
nurmazevaag@macmail.com,control,generic,0
airlanggaeffendie5hg@rubyridge.com,control,generic,0
wirantoc1@arabtop.net,treatment,personalization,0
alifkhabibl7@infovia.com.ar,treatment,personalization,0
ehashwita65r@angelic.com,treatment,personalization,1
jannahrochanit@birdfanatic.com,treatment,personalization,0
widyaningsihasiyah3@mail2ethan.com,control,generic,0
indera1s8@joelonsoftware.com,treatment,personalization,0
zubaidahzii@mail2grace.com,control,generic,0
syarifgdv@trashymail.net,treatment,personalization,0
shofiah7n@bartender.net,control,generic,0
ehasylvianau@nospamfor.us,control,generic,0
wayanskolastika@bresnan.net,control,generic,0
pancadzulkarnaen9b@mail2fashion.com,control,generic,0
rachmanharyu@mail2becky.com,treatment,personalization,0
lusillajunitag@mail2sweetheart.com,control,generic,0
fachrikasimu@mom-mail.com,treatment,personalization,1
dickyzidane8@mail2parker.com,control,generic,1
malikiishak6s@outlook.lv,control,generic,0
tiyana7@mail2monaco.com,control,generic,0
yunimelatia@mail2highschool.com,control,generic,0
izzakdumadi86@fromnorthdakota.com,treatment,personalization,0
rasyadr4@bimamail.com,treatment,personalization,0
tri@mail2bio.com,control,generic,1
utamibellia5@mail2tango.com,control,generic,0
amsalbentangu9@cybercity-online.net,control,generic,0
candraningsihzahirah6ih@starmedia.com,control,generic,0
delima4e@acdcfan.com,control,generic,0
ayur@uk7.net,treatment,personalization,0
batarimasidahq_4@usanetmail.com,control,generic,0
suwarnoi6@live.jp,treatment,personalization,1
hafidzahu@uk2k.com,control,generic,1
shafiyahmaizah@mail2create.com,treatment,personalization,0
muzaimahlatipav@animal.net,control,generic,1
saifuddin2f@1mum.com,treatment,personalization,0
kamaruddinmhz@orange.net,treatment,personalization,0
yusufq0@no4ma.ru,control,generic,0
riduanchairudinc@billsfan.net,treatment,personalization,1
suhartoag@ranmamail.com,control,generic,1
rogayahseri_@khosropour.com,treatment,personalization,1
khaerunnisa9@ip4.pp.ua,treatment,personalization,0
putryintanv@myself.com,control,generic,0
hitlerazans_9@inmano.com,treatment,personalization,0
fadlanargo5@vr9.com,treatment,personalization,0
ehay@justmail.de,treatment,personalization,0
wahyuhusinc@olemail.com,control,generic,1
iis4@add3000.pp.ua,control,generic,0
sarinoorhayatie@mail2bradley.com,control,generic,0
sugengtn@graphic-designer.com,control,generic,0
sherlyo8@vip.126.com,treatment,personalization,0
sumitrav@raubtierbaendiger.de,control,generic,0
suryantida@the-master.com,treatment,personalization,0
aisys@date.by,control,generic,0
kamaludiny8@mail2oops.com,treatment,personalization,1
mardhiahalzenau@mail2mozambique.com,treatment,personalization,0
khrisnasulaimann@k.ro,treatment,personalization,0
bintirp@mailasia.com,treatment,personalization,0
husniyahangkae@mail2louis.com,control,generic,0
rinawatit@humour.com,control,generic,0
deksbanyupi@mail2secretagent.com,control,generic,0
andhikasubratas@mail2russell.com,treatment,personalization,1
suryawanmukhammadx@rocketship.com,treatment,personalization,0
zulaikha6g@spacemart.com,control,generic,0
mahmudbonifasiusv@tibetemail.com,treatment,personalization,1
fitriyanaov5@poczta.fm,control,generic,0
hafizahphc@e-mail.ru,treatment,personalization,0
budhisusila@diri.com,control,generic,0
hanafid@mailfree.gq,control,generic,0
yosuayakobusd@webemail.me,control,generic,0
hamdanrafi_m@falseaddress.com,treatment,personalization,0
dillah@mail2vienna.com,treatment,personalization,0
januripriyo@skafan.com,control,generic,0
amir@mail2spare.com,treatment,personalization,1
nikson8tp@lovemail.com,control,generic,0
budiarto@mailops.com,control,generic,0
kamaruzzamansaepulohss@sativa.ro.org,treatment,personalization,0
jadidmustapah@advantimo.com,treatment,personalization,0
hartalinggao@mail2mini.com,treatment,personalization,0
yudhoyono@tempomail.fr,treatment,personalization,0
zulaikha@socialworker.net,control,generic,0
hanafizulkarnaina@spamkill.info,control,generic,0
farihahs@topranklist.de,treatment,personalization,0
wayan6b@snail-mail.ney,control,generic,0
fachriahdian8@mail2congo.com,treatment,personalization,1
novitalarasati2@mailtemp.info,treatment,personalization,0
arsalariyafl@mail2curt.com,control,generic,0
shofiahtiyana@irj.hu,treatment,personalization,0
yesaya8@cyberleports.com,treatment,personalization,0
nuraidayosha6wv@the-fastest.net,treatment,personalization,0
puspawatifadhila3u@consumerriot.com,treatment,personalization,1
noerdinmahbub9p@lycosemail.com,treatment,personalization,0
ratnasarihh@webprogramming.com,treatment,personalization,0
afandi6@mail2leo.com,control,generic,0
enenguvp@wee.my,treatment,personalization,1
zahirahtirtat6u@mail2hygeia.com,control,generic,0
aninditaayu9@outel.com,control,generic,1
suwarnogunturo@agelessemail.com,control,generic,0
halidafitriyanazf@mmail.com,treatment,personalization,0
mulyadiestomihi5le@mail2hebe.com,control,generic,0
atiyahg@digital-filestore.de,treatment,personalization,0
awanmulyadilk@mail2bosnia.com,control,generic,0
meurahratnacandral4@tin.it,treatment,personalization,0
eneng@keromail.com,control,generic,0
jakasyahidd@btopenworld.co.uk,control,generic,0
tipahl@mailsurf.com,treatment,personalization,0
abdulcatur1n@soundofmusicfans.com,treatment,personalization,0
mahendrisuryanajs@4email.net,control,generic,0
bonifasius53@web-ideal.fr,control,generic,0
purnomoishak4@gotmail.org,treatment,personalization,0
ramlijs@mytempmail.com,treatment,personalization,0
lutfiahl@sneakmail.de,control,generic,0
memedy@mailbox.co.za,control,generic,0
binti3@mail2janice.com,control,generic,0
rasyidnanangplm@inboxclean.com,treatment,personalization,1
hariesh@freeler.nl,treatment,personalization,1
andiq@sogou.com,treatment,personalization,0
sophianm@clubalfa.com,control,generic,0
chadijahun0@vpn.st,treatment,personalization,0
caturzulkhairie@cable.comcast.com,control,generic,1
ratu_@archerymail.com,control,generic,1
candraarsalr@the-marine.com,treatment,personalization,1
yosharibkaec@start.com.au,control,generic,0
faizahtiyanaf@weekmail.com,control,generic,0
syamsiahj@baudoinconsulting.com,control,generic,0
indra_3@mail2james.com,treatment,personalization,0
intenfebriantid@onenet.com.ar,control,generic,1
hartinahu@coollist.com,treatment,personalization,1
jagahariesg@mail2looking.com,control,generic,1
rizal3w@fastmail.co.uk,treatment,personalization,1
agoengt@brew-master.com,control,generic,1
asihfaridah@box.ua,control,generic,0
sitir@email.ro,treatment,personalization,0
nurpurnamazf@berkscounty.com,treatment,personalization,1
yudozulfadli4_@mail2married.com,treatment,personalization,0
suwarno_v@oligarh.ru,control,generic,0
dewianawulanj@literaturelover.com,treatment,personalization,0
avianamaimunahc57@fatyachts.com,control,generic,1
arifinfahmieyn@hsuchi.net,treatment,personalization,0
saifannur5@yourteacher.net,control,generic,0
bis4@yahoo.com.vn,treatment,personalization,0
ahmadhamzah8@mail2senegal.com,treatment,personalization,0
yatnodarmoh92@jumpy.it,control,generic,0
ferginaf@neue-dateien.de,control,generic,0
supriyadielyas@mail2splash.com,control,generic,0
wirantomegaf@itelefonica.com.br,treatment,personalization,0
rustamakhmato4@mail2leone.com,treatment,personalization,0
alimah1p@mail2calvin.com,treatment,personalization,0
sumitra03b@trillianpro.com,control,generic,0
anestasiakhairiyahby@eastlink.ca,treatment,personalization,0
tousa0@mail2mozambique.com,control,generic,0
rezkyariya@francemel.fr,treatment,personalization,0
megaf@teamdiscovery.com,treatment,personalization,0
supianu@tpg.com.au,control,generic,0
nurhasanahc@soon.com,treatment,personalization,0
muthiamalikah@walkmail.ru,treatment,personalization,0
hilmisyukriynb@mail2bonn.com,treatment,personalization,1
adhityaiq@mail2care.com,control,generic,1
bungaw4@italymail.com,treatment,personalization,0
hapsah21@mail2china.com,treatment,personalization,0
anisat@postmaster.co.uk,control,generic,0
nadimahatirah_@tempmailer.de,control,generic,0
isninmulyana9l1@fax.ru,control,generic,0
khaerunnisam@terra.cl,control,generic,0
moammarmochtarlr0@mail2joanna.com,treatment,personalization,0
acengl9f@fortuncity.com,treatment,personalization,0
sulaimanbudionoj@mail2niger.com,treatment,personalization,0
fairuzah@usermail.com,control,generic,0
hanifah8@tcc.on.ca,treatment,personalization,0
karimahw@u14269.ml,control,generic,1
zulfadlic_4@clear.net.nz,control,generic,0
krisnokj@outlook.com.tr,treatment,personalization,0
zulkiflybanyucd8@mail2stan.com,treatment,personalization,0
mamano@twinstarsmail.com,treatment,personalization,0
rina25@from-asia.com,control,generic,0
misbahningsihn5@mail2diamond.com,treatment,personalization,0
jihanjc@mail2hollywood.com,control,generic,0
rawiyahzahrahuz@digosnet.com,treatment,personalization,0
asep@from-japan.net,control,generic,0
anestasiameulu_l@mail2sabrina.com,control,generic,0
muhyiddinhaedar@careceo.com,control,generic,1
suryawaliyuddin76@popstar.com,treatment,personalization,1
akatqy@yahoo.co.kr,treatment,personalization,0
fandy53@yehey.com,control,generic,0
mamatsuwarno7rr@mail2hercules.com,treatment,personalization,0
noerx28@basketballmail.com,treatment,personalization,1
fitrianiud@fromarkansas.com,treatment,personalization,0
saudahd@mail2java.com,treatment,personalization,0
chalid7@mail2basketball.com,treatment,personalization,0
hafisahetis@clubvdo.net,control,generic,1
ardiharta_d2@masrawy.com,control,generic,1
kamaruddinrajabf@ec.rr.com,control,generic,0
setyawatic@mail2hestia.com,treatment,personalization,0
darwis7@china.com,control,generic,0
meilinahamimahvys@religious.com,control,generic,0
afdalsubekti@nenter.com,control,generic,1
raniahwitri_@mail2dealer.com,control,generic,0
widiyanto215@hailmail.net,control,generic,0
khakimyudo2@zvmail.com,control,generic,1
effendiex0f@mail2egypt.com,control,generic,1
yuniq@yahoo.jp,control,generic,1
maisarahmalikahfk@interia.pl,control,generic,0
asihvidiag9@discardmail.com,treatment,personalization,1
azimadesiyantip7@3xl.net,treatment,personalization,0
niom@miesto.sk,treatment,personalization,0
pitalokahasanahb@mail2james.com,control,generic,0
jihandelimas6@animail.net,treatment,personalization,0
laksmisitiewk@mailbidon.com,control,generic,1
muslimzulfahmif@mail2lovable.com,control,generic,0
gunturfendydy@cheshiremail.com,treatment,personalization,0
salimahayuic@trash2010.com,treatment,personalization,0
setyawaticahyaningsihl@mail2samurai.com,treatment,personalization,0
muchtar4b@emailtmp.com,control,generic,0
syahidhaedar3r9@emil.com,control,generic,0
yandb@movieluver.com,treatment,personalization,0
satrioachmadm2d@netc.it,treatment,personalization,0
sri1@sperke.net,treatment,personalization,0
dewaakhmatd7h@yahoo.de,treatment,personalization,0
noerdinmarwan2p@handleit.com,treatment,personalization,0
ahmadr3@internet-mail.org,control,generic,0
cintaosha8@sudomail.biz,control,generic,0
hanifahlaksmizj8@salesperson.net,treatment,personalization,0
putrizubaidah1d@iwmail.com,control,generic,0
yosua0@shitaway.ml,control,generic,1
hayati0@columbusrr.com,control,generic,0
luthfi8@live.nl,treatment,personalization,0
widiac@brokeandhappy.com,treatment,personalization,0
noerdinhafidz6n@nzoomail.com,treatment,personalization,0
wahyuningsih5@samerica.com,control,generic,1
suhartowibawaay@probemail.com,control,generic,0
nurfaizah@sagra.lu.lu,treatment,personalization,1
zulkiflychrismansyahz@btinternet.com,control,generic,0
matheasafrizalai@mail2convict.com,control,generic,0
fandyp9@solar-impact.pro,treatment,personalization,0
zaitunihumairahv@mail2politician.com,treatment,personalization,0
buanae@outlook.com,treatment,personalization,1
hartinahkusumavd@citeweb.net,control,generic,0
mukhlisyi2@3g.ua,treatment,personalization,0
chairuljn@killermail.com,treatment,personalization,0
hanung0@tipsandadvice.com,treatment,personalization,0
kamaruddinuo7@mail2admiral.com,control,generic,0
adityass@mail2jazz.com,control,generic,0
salahudin7pq@mobileninja.co.uk,treatment,personalization,0
khairulze@mail2downtown.com,treatment,personalization,0
rizka2@novogireevo.net,control,generic,0
slametx@bluehyppo.com,control,generic,0
nuraisyahzuraida@salehi.net,treatment,personalization,0
gunawan1h@mail2tennis.com,control,generic,0
saepulohmuchtar@megamail.pt,treatment,personalization,0
rahmanim@space-bank.com,control,generic,1
nuliamulyaningsihg2@streetwisemail.com,treatment,personalization,0
nugrohoabdrahmanvb@mail2titanic.com,treatment,personalization,0
rayaeufrasiait9@interburp.com,treatment,personalization,0
samsulabdurrahim7@valudeal.net,treatment,personalization,0
dahlanwibawa@subnetwork.com,treatment,personalization,0
firman0_@fromnorthdakota.com,control,generic,0
intaneufrasiae@slave-auctions.net,control,generic,0
alimahrindu_@yahoo.es,treatment,personalization,0
roestamcx@swissmail.net,control,generic,0
galuh@0815.ru,control,generic,0
nugrahao@snakemail.com,control,generic,1
zulkarnaenadityasq_@vorsicht-bissig.de,treatment,personalization,1
fitrianasyarifahvir@mail2dealer.com,control,generic,1
husnahsy@witty.com,control,generic,0
abdurrahmankamaruzzaman7@fastemail.us,treatment,personalization,1
paridahmade@mail2www.com,treatment,personalization,0
agungmansyurt2@yours.com,control,generic,0
atma1@189.cn,control,generic,0
marwilisq@lazyinbox.com,control,generic,0
indahsyarifah9z2@orange.net,control,generic,1
atirahwahidahfq@f-m.fm,treatment,personalization,1
raffiizb@sp.nl,control,generic,0
mutiara@chaiyo.com,treatment,personalization,0
hilmiraffib6@websurfer.co.za,control,generic,0
chairudinfahmi_@city-of-liverpool.com,treatment,personalization,0
ichsanachmedl@belizemail.net,control,generic,1
fendyabdrazakh@mail2games.com,control,generic,0
prijono@mail2plato.com,control,generic,0
mulyadisq@email2me.net,treatment,personalization,0
hisyamafdalc@casino.com,treatment,personalization,0
zulkarnainzh@temporarioemail.com.br,control,generic,0
azisvk@city-of-lincoln.com,treatment,personalization,0
komariahb@uk2net.com,control,generic,0
estomihiu@mail2dylan.com,treatment,personalization,1
ibuwatid@za.com,control,generic,0
sittiz@deepseafisherman.net,treatment,personalization,0
durahmanfebriyantob@immo-gerance.info,treatment,personalization,1
waqidtembangdp@usma.net,control,generic,0
mustofabudhy@love.cz,treatment,personalization,1
yuniaannisah6y@standalone.net,control,generic,0
dzulkarnaenerlangga9@wptamail.com,control,generic,0
ferginayunitanel@teamdiscovery.com,control,generic,1
hadiahputry2f@mail2search.com,treatment,personalization,0
rasyadabdulazissf@nybce.com,control,generic,0
paridahkhairia8@mail2cell.com,treatment,personalization,0
meuluh@mp4.it,treatment,personalization,1
samirahsetiawati43@mail2argentina.com,control,generic,0
iissyaripah9k@tut.by,control,generic,0
khodijah@xtra.co.nz,treatment,personalization,0
lenitasusilawati0g@velnet.com,treatment,personalization,1
delliaputi6h@portableoffice.com,treatment,personalization,0
wahidah9ki@teachermail.net,treatment,personalization,1
zulfikrisuriantof_o@internode.on.net,treatment,personalization,0
puspawati5@net-shopping.com,control,generic,0
fadiyahprisia@mail2maine.com,treatment,personalization,0
abdib@freemail.bozz.com,treatment,personalization,0
mutiahusniyahi@mail2andorra.com,treatment,personalization,0
chodijahhapsah6vk@premium-mail.fr,treatment,personalization,0
bellia9jk@warmmail.com,control,generic,0
febriyantosaifanurz@epatra.com,control,generic,0
juwariyahfitrianiw@mailmight.com,treatment,personalization,1
mursyidarifhr0@mail2sam.com,control,generic,0
bernardiaanisahl@mail2trick.com,control,generic,0
hartor7@mail2lisa.com,control,generic,0
soliharifinz@mail2normal.com,treatment,personalization,0
zulkiflis@okmad.com,control,generic,0
maisarahsusilawativ@inoutbox.com,treatment,personalization,0
achmedy@imails.info,treatment,personalization,0
raihanaht@goldenmail.ru,treatment,personalization,0
fachriah@mail2demeter.com,control,generic,0
dilahsurianizi@coole-files.de,treatment,personalization,1
susilobanyup@mailingweb.com,control,generic,0
rasyadzz@graduate.org,treatment,personalization,0
tiyanak@mail2network.com,treatment,personalization,1
saifannur6b@curtsmail.com,treatment,personalization,1
khairiai9l@sneakemail.com,control,generic,1
luqmangugumvd9@soundofmusicfans.com,treatment,personalization,0
mahfudzahnadimah7@mail2caroline.com,treatment,personalization,1
dillahe_@inbound.plus,treatment,personalization,0
hawariahasiyahxe6@berlin.de,treatment,personalization,0
raudhanuraeni7e@happypuppy.com,treatment,personalization,1
fatihahq@e-mail.ru,treatment,personalization,0
arisukanto@boom.com,treatment,personalization,0
ikaratuf@mail2finland.com,control,generic,0
yudasabasev@partlycloudy.com,treatment,personalization,0
hayatinimas23@username.e4ward.com,control,generic,0
putirasyidahn@poohfan.com,control,generic,0
rennyazakiyahb@mail2steve.com,control,generic,1
bagusr8@zionweb.org,treatment,personalization,1
naufalzulkhairiw1@mail2sanfrancisco.com,control,generic,1
maulanateukui@tempthe.net,treatment,personalization,0
audjahindah74@mail2matt.com,treatment,personalization,1
azima0l@thexyz.ca,treatment,personalization,0
zulaichax@mailincubator.com,treatment,personalization,0
muhyiddinuu@discardmail.de,treatment,personalization,0
bulansaripa5@broadwaybuff.com,treatment,personalization,0
ikrimahcwt@mail2ned.com,treatment,personalization,0
aditiaamir8@fromwestvirginia.com,treatment,personalization,1
syakirav@sagra.lu,control,generic,0
mubarokha3@ecompare.com,treatment,personalization,0
azizulx@ravemail.co.za,treatment,personalization,1
rahmiv@tamb.ru,treatment,personalization,0
hermawanuc@socialworker.net,control,generic,1
akbarjanurim@fux0ringduh.com,control,generic,0
estomihizulkiplicn@afrobacon.com,treatment,personalization,1
mutia6@ccnmail.com,control,generic,0
muhammat63@adelphia.net,treatment,personalization,0
khairinaoj_@wegwerfemail.com,treatment,personalization,0
wulanratuu7@your-house.com,treatment,personalization,0
cutk@cabacabana.com,treatment,personalization,0
lukymeurah2c@optonline.net,treatment,personalization,0
acengcatur4_v@mail2runner.com,treatment,personalization,0
latipahzulaichak_3@housefancom,control,generic,0
rexymursyid5jk@mail2karma.com,treatment,personalization,1
rizqiyaningsihl@afrobacon.com,treatment,personalization,1
wawan8wc@zhouemail.510520.org,treatment,personalization,0
yohanes1yb@miesto.sk,treatment,personalization,0
batariaob@internetemails.net,control,generic,1
bellialtc@meatismurder.net,treatment,personalization,0
zulaicha8y@mail2french.com,treatment,personalization,0
firmanharjom23@syriamail.com,treatment,personalization,0
darma3b@mail333.com,control,generic,0
luhk@online.de,treatment,personalization,0
cahayarafiqahh@mail2gavin.com,control,generic,0
linggalesmana62v@swedenmail.com,treatment,personalization,1
saktidarmoifj@turboprinzessin.de,control,generic,0
yacub1t@myplace.com,treatment,personalization,0
ariyaanies5y@thexyz.mobi,control,generic,0
yuniahadiaha5@mail2leslie.com,control,generic,0
awan0@einrot.com,treatment,personalization,0
hidayatullahsetyawan0mq@vlmail.com,treatment,personalization,1
fitrianap0a@instantmail.fr,control,generic,0
chintarawardammo@mail2milkyway.com,treatment,personalization,0
maemunahyqj@mail2spare.com,control,generic,1
eka0s@yuurok.com,treatment,personalization,0
indrawatisuriawatiue@mail2shane.com,control,generic,0
rizqiyaningsihsaudahu1f@deseretmail.com,control,generic,0
avianahamimahp@throwawayemailaddress.com,control,generic,0
meluraminah4@mail.nu,control,generic,0
ehanirmalan@hello.hu,treatment,personalization,0
mahadewizulaikhahs@soulfoodcookbook.com,treatment,personalization,0
azizul@merda.igg.biz,treatment,personalization,1
zhaliamiengm@shitaway.ga,control,generic,0
amienql@meine-dateien.info,control,generic,0
gemij_j@inet.com,treatment,personalization,0
kawasafs@web-ideal.fr,treatment,personalization,0
jihansalimah_22@dotcom.fr,treatment,personalization,0
munawarzamzamww@hackermail.net,control,generic,1
rexygn@mail2slovakia.com,treatment,personalization,0
arifinf@fake-mail.ml,treatment,personalization,1
wulandari7a@sporttruckdriver.com,control,generic,1
wisnudpu@wildmail.com,treatment,personalization,0
suryawan9z@yahoo.com.ru,control,generic,0
yunig@jeanvaljean.com,treatment,personalization,0
yudastb7@freemail.org.mk,treatment,personalization,0
akat1@mail2laurie.com,treatment,personalization,0
ariefroestam6@parrot.com,treatment,personalization,0
sadiahlutfiah3@kumarweb.com,control,generic,0
rawiyah2ey@standalone.net,control,generic,0
aminullahismatullah8dg@nandomail.com,control,generic,0
salmahmasidah@ravemail.com,control,generic,0
hermawanmaulanal@mail2alien.com,control,generic,1
hidayatullahrobiyak@z6.com,treatment,personalization,1
bernardia@mail2smith.com,control,generic,0
bonifasiuslatip4k@dropzone.com,treatment,personalization,0
raharjorahmank@slapsfromlastnight.com,control,generic,0
ismatullahwahyudinuz@ukcool.com,treatment,personalization,1
rajaachmadbfv@lionsfan.com.au,treatment,personalization,0
hamdansamsulul@destin.com,control,generic,1
rahmizahirahj_t@spymac.com,control,generic,0
zulfahminoerdin7g@the-army.com,control,generic,1
nugrohofaizalpw@rock.com,control,generic,0
effendimegoo@talkinator.com,control,generic,0
endangmuliana0j@mail2yahalla.com,control,generic,0
lusillajapa@web.de,treatment,personalization,0
zulfadlipriyonolbf@iwi.net,control,generic,0
adityaswidiyantor@lick101.com,control,generic,0
hafidzaheh@from-china.net,treatment,personalization,1
dillah@mail2brittany.com,control,generic,1
muchlisv8n@gonuts4free.com,control,generic,0
abdurrahmangv@outel.com,control,generic,0
sumitrai@yep.it,control,generic,0
putrikomariah@football.theboys.com,control,generic,0
intanu@femenino.com,treatment,personalization,1
cahyonoandri@brusseler.com,treatment,personalization,0
yusufxg@quicknet.nl,control,generic,0
halidafl@ole.com,treatment,personalization,0
megabaskoro4@relia.com,treatment,personalization,0
darwiskasep@mailfly.com,control,generic,0
memoir8@mail2dennis.com,treatment,personalization,0
khalisahw@easypeasy.com,control,generic,0
yunitau@delikkt.de,control,generic,1
rinawatisetyawatih@fastmailbox.net,control,generic,0
janurirustamf@bullsfan.com,control,generic,0
ratnacandraz@mail2diver.com,treatment,personalization,1
ceudah2x@mail2liquid.com,control,generic,0
fandysupriyadifb@mail2oops.com,treatment,personalization,0
ilham8@folkfan.com,control,generic,0
vidiamutiara@mail2canada.com,control,generic,0
shafa7i@twinmail.de,control,generic,0
jannahangka6u8@tattoofanatic.com,treatment,personalization,1
widyaningsihhd@reallymymail.com,control,generic,0
buleuenfrisas4@dodgit.com,control,generic,0
kurniayx@web-ideal.fr,treatment,personalization,0
sittimeulue@fastmail.se,control,generic,0
batmanq@tut.by,control,generic,0
jannah9@thexyz.ca,treatment,personalization,0
wardah0@superposta.com,treatment,personalization,1
hakimit@fishburne.org,control,generic,0
maisarah7f6@outlook.com.tr,treatment,personalization,1
azizahv5@comcast.com,treatment,personalization,0
yacubx@mail2tajikistan.com,control,generic,0
asihh@mail2joe.com,treatment,personalization,1
meilisadelimaw_g@emailengine.org,treatment,personalization,0
atanasiait@e-tapaal.com,control,generic,0
bagjaej@mailslapping.com,control,generic,0
putujannahham@mailasia.com,control,generic,0
wirawanrizalap_@mehrani.com,treatment,personalization,0
bungarahmijp@trashmail.net,treatment,personalization,0
fadhilahq1@mail2popular.com,control,generic,1
roestamaditya_qe@californiamail.com,treatment,personalization,0
sophiank@mail2fantasy.com,control,generic,0
sutrisnohusinm@mariahc.com,control,generic,1
zulawann9@careerbuildermail.com,treatment,personalization,1
hermawanabdurrahim3@ipdeer.com,treatment,personalization,0
candrawatiq@mail2uncle.com,control,generic,0
musliminw@bumerang.ro,control,generic,0
ribka2@youvegotmail.net,treatment,personalization,0
hayupretty@mail2boreas.com,control,generic,0
ehafebriantiw@mail2everything.com,treatment,personalization,0
fadhilahz85@mail2mypalm.com,treatment,personalization,0
susilochk@deal-maker.com,control,generic,0
yakobusc@earthling.net,control,generic,0
saepudino@whtjddn.33mail.com,control,generic,0
nuliaiy@mail2ellen.com,control,generic,1
budihartobm@freemail.ms,control,generic,0
marzukiasef@anti-ignorance.net,control,generic,0
atanasiakhaerunisac@mail2shirley.com,treatment,personalization,0
alielg2@netcenter-vn.net,control,generic,1
yudonovani4@trashdevil.com,treatment,personalization,0
adityaarsyadx2@albawaba.com,treatment,personalization,0
priyantof@frommiami.com,control,generic,1
cahyonosyukrik@fastmail.com,control,generic,0
haedarmemed4@eriga.lv,treatment,personalization,0
zamzam2i@2die4.com,treatment,personalization,1
bayur@mail2whitehouse.com,control,generic,0
goenawanlingga641@outel.com,treatment,personalization,0
panca30_@mail2la.com,control,generic,0
jadidy@footballmail.com,treatment,personalization,0
muhamadaha@diemailbox.de,control,generic,1
prabowoj@buerotiger.de,treatment,personalization,0
khairuddinsoerianto@arcor.de,control,generic,0
abrama45@truckerz.com,control,generic,0
satriowisnut@omaninfo.com,control,generic,0
kautsarxp@khosropour.com,treatment,personalization,1
zulkarnaeni@sina.com,treatment,personalization,0
rafitg@e-mail.org,control,generic,0
agungketuto@mail2nebraska.com,control,generic,0
puspaanindyaozu@dirtracers.com,control,generic,0
abdulazis4@stoned.com,treatment,personalization,1
mahbubdahlanq@hotfire.net,control,generic,0
zulkiflyfadlan3@mail2spanish.com,treatment,personalization,0
andarhartae5@torontomail.com,control,generic,1
syafii8m@live.hk,control,generic,0
chairunisaibu2h@writeremail.com,control,generic,0
setiawatiyf@city-of-manchester.com,treatment,personalization,1
putryu9@iwi.net,control,generic,0
galuhmulianaf@mortaza.com,control,generic,1
batman@the-hooligan.com,control,generic,0
supiangaa@centermail.at,treatment,personalization,0
fadilahdp@savecougars.com,treatment,personalization,1
prijonon@domozmail.com,control,generic,0
nuraidarinawati9@ehmail.com,control,generic,1
roestamyoyakim6s@kyokodate.com,control,generic,1
prettyiiswxk@olypmall.ru,control,generic,0
zevamuzaimahdm@jetable.org,treatment,personalization,0
fitriyanahabibahu@mail2barter.com,control,generic,0
raudhah44f@bikeracers.net,control,generic,0
darwisaah3@hatespam.org,treatment,personalization,0
kamilah@emailer.hubspot.com,control,generic,0
mahfudzahmje@ilkposta.com,treatment,personalization,1
laelaanisak8@mail2monaco.com,control,generic,0
pertiwiamirahmss@e-mail.ru,treatment,personalization,0
muhamatpamungkas54@coder.hu,treatment,personalization,1
fakhriahsyarifahihy@happypuppy.com,treatment,personalization,1
hamdiahm5l@kaazoo.com,control,generic,0
tutim@mailworks.org,control,generic,0
bulanlestari847@lexis-nexis-mail.com,treatment,personalization,0
biskrisna1hq@live.com.my,treatment,personalization,0
janurimochamad9fn@mail2travel.com,control,generic,0
kameliauz@deneg.net,control,generic,0
wahyua@hhdevel.com,control,generic,1
chairunnisaneneng9@domforfb1.tk,treatment,personalization,1
widiyantoaryoh@live.co.za,control,generic,0
sumitramemoir9h@nonpartisan.com,control,generic,0
alidallyjuz@cmpmail.com,treatment,personalization,0
ependih2@mail.austria.com,treatment,personalization,1
wahyuningsihxd@butch-femme.net,control,generic,0
shafak2b@3dmail.com,control,generic,0
novanlingga8@x5g.com,treatment,personalization,0
luqman7@spamgourmet.net,control,generic,0
nurhaliza@teletu.it,treatment,personalization,0
tsarinab@plus.com,control,generic,0
aqnessetyaningsih@mail2angela.com,control,generic,0
raihanahmasayud5l@mail2zurich.com,control,generic,0
agoengmuammarz@mail2samantha.com,control,generic,0
faridahtitikxeg@nz11.com,control,generic,0
zulfikrihy@mail2howard.com,control,generic,0
bachtiaryh@freemail.it,treatment,personalization,0
hapsah@tfanus.com.er,control,generic,0
darwiswx@daha.com,treatment,personalization,0
abas8@mail2wow.com,control,generic,1
aidah1c@n2baseball.com,control,generic,0
saifuddinbethariw@music.com,treatment,personalization,0
mahmudxd1@sanriotown.com,control,generic,0
khairuddinds@netexecutive.com,control,generic,0
amatb60@mail2lou.com,treatment,personalization,0
catury@photo-impact.eu,control,generic,0
sesar_@home.de,control,generic,0
akifah6@littleblueroom.com,treatment,personalization,0
rarungbw@goemailgo.com,control,generic,0
sudartoj@nepwk.com,treatment,personalization,1
eniv6c@mail15.com,control,generic,1
budiartowachidr@usa.com,control,generic,0
laksmiv@freeukisp.co.uk,treatment,personalization,0
hafizachintarajo1@qprfans.com,control,generic,1
afandi@mail2ride.com,control,generic,0
chalidmukhlisww@zipmail.com,control,generic,0
dillaqh@netc.lu,treatment,personalization,1
wayananisa5@mail2sagittarius.com,treatment,personalization,0
erwiana8l4@fake-mail.ml,treatment,personalization,0
mahfudzahfachriah23@mail2gordon.com,treatment,personalization,0
awanmoammardqx@city-of-westminster.net,treatment,personalization,1
harto@mail2billionaire.com,control,generic,0
khairul7d@thexyz.cn,treatment,personalization,0
azimahcitrask@deafemail.net,treatment,personalization,0
muchamadzulkifly1c@poste.it,control,generic,0
asepmarno@mail2helpdesk.com,treatment,personalization,0
naufalyt@mail2stan.com,control,generic,1
wirawani1m@hotmail.com.ar,control,generic,0
munawarnoerd1@facebookmail.com,control,generic,0
cahyonomp6@netmails.com,control,generic,0
larasati8@mail2lisa.com,control,generic,0
xaverius_a@jnxjn.com,treatment,personalization,0
delliamardhiah_8@mail2pennsylvania.com,treatment,personalization,0
cutmahfudzah7q@mail2matthew.com,treatment,personalization,0
amirx1a@hangglidemail.com,treatment,personalization,1
lutfiyahkfj@mail2scorpio.com,control,generic,0
paridahom@mailc.net,control,generic,0
budimansetiawan9@sailormoon.com,treatment,personalization,0
sumitrarizkib3@gishpuppy.com,treatment,personalization,1
kamaruzzamane@topsurf.com,control,generic,0
basri37@mail2oslo.com,control,generic,1
meilaniesitik@ancestry.com,control,generic,1
wiraafrizaly@fromwashingtondc.com,treatment,personalization,0
hafisahb@mail2earl.com,control,generic,0
setyawatic@mail2northpole.com,treatment,personalization,0
wachida7u@nirvanafan.com,control,generic,1
alzenamadepq@clerk.com,control,generic,1
hermawano@mail2chad.com,control,generic,0
hanungmuhyiddinp9z@onlinecasinogamblings.com,control,generic,0
marlika@citynetusa.com,control,generic,0
desiyantihabibahjwi@mail2gavin.com,treatment,personalization,0
dwinurdinu@moakt.com,control,generic,0
alien@whoopymail.com,treatment,personalization,0
komarudin8k@mail2randy.com,control,generic,0
bentangcandra2k@cs.com,treatment,personalization,0
ardyisnin@hilarious.com,treatment,personalization,0
ratnasarinorjannahv@coolgoose.com,control,generic,0
apriliaqt@cybermail.net,control,generic,0
kamaludin_@newmail.ru,treatment,personalization,1
marwanmahfude@justemail.net,treatment,personalization,0
priniai@mail2football.com,treatment,personalization,0
megapurnomo@oddpost.com,treatment,personalization,0
faesalq3o@frapmail.com,control,generic,0
aladin2o@mail2chinese.com,control,generic,0
zulfadlizulkarnaen@mail2eric.com,control,generic,0
jihanwangiz3@frommissouri.com,control,generic,0
liliyanas6@slaskpost.se,treatment,personalization,0
suryanticandrawati3pn@bladesmail.net,treatment,personalization,0
purnomo@mail2ireland.com,control,generic,1
faishalafrizalc_2@mailcan.com,treatment,personalization,0
priyonoa@gospelfan.com,control,generic,0
asiyahnurmala8mp@obobbo.com,treatment,personalization,0
dillah7eb@netexecutive.com,control,generic,0
shofiahxhc@brestonline.com,control,generic,0
saepudinafendime@seductive.com,treatment,personalization,0
nurdin@fromhawaii.net,treatment,personalization,0
ratnacandralukyk@puppy.com.my,treatment,personalization,0
jagamulyonou@mail2dallas.com,control,generic,0
maulinazaenabxez@busymail.comhomeart.com,control,generic,0
mand4@anytimenow.com,treatment,personalization,0
hamdiahhafizaq@lamer.hu,control,generic,0
ipakhairunisadtl@healthemail.net,treatment,personalization,0
alimahfitrianin@spybox.de,control,generic,1
irawatymaizah5b@taotaotano.com,control,generic,1
hasyimkurniawan@sanchezsharks.com,control,generic,0
kartikapuspita__@list.ru,control,generic,0
sylvianac1@sinamail.com,control,generic,0
hasibahnuraenien@mail2biker.com,treatment,personalization,0
malikussalehb@fromohio.com,treatment,personalization,1
akifahjamilahp8v@domforfb8.tk,treatment,personalization,0
hartinahvzo@mail2lucy.com,treatment,personalization,0
yunitao93@pechkin.ru,treatment,personalization,0
hilmiandri7um@golfilla.info,treatment,personalization,1
vinasuriani7p@vnn.vn,control,generic,0
falyap@mail2beijing.com,control,generic,0
suryawatih7a@tmicha.net,control,generic,0
baskoroanes70@yahoo.fr,treatment,personalization,1
buana4o@eatmydirt.com,treatment,personalization,0
raihanahwarda2@mail2rusty.com,control,generic,0
karimahby8@fishburne.org,control,generic,0
mahfudzahwm7@fastmail.us,treatment,personalization,0
memoirandi7ck@resumemail.com,treatment,personalization,0
apfia4ib@extenda.net,control,generic,1
suwarnolatipl@walala.org,control,generic,0
zevajihaniq6@curryworld.de,control,generic,0
mahfudinderaib@epost.de,control,generic,0
setiawanamier2e@kiwitown.com,treatment,personalization,0
encep5d@mailasia.com,treatment,personalization,0
tsarinatn@owlpic.com,control,generic,0
japamegawatik@bt.com,treatment,personalization,0
raharjoafdaloe@tamb.ru,treatment,personalization,1
rochanirp@healthemail.net,treatment,personalization,1
bintanguw@mail2dan.com,treatment,personalization,0
rivinyosuatf@yahoo.ro,control,generic,0
eufrasiaputry@roanokemail.com,treatment,personalization,0
senindewa8@eintagsmail.de,treatment,personalization,1
nurmalita39@walla.co.il,control,generic,1
haniahanindita@mail2trump.com,treatment,personalization,0
suhartolqq@fastmail.com,treatment,personalization,1
sitiv@dawnsonmail.com,control,generic,0
chairulu@lycos.co.uk,treatment,personalization,0
habibah@the-airforce.com,treatment,personalization,0
nurmah4@thelimestones.com,control,generic,0
waliyuddinkhrisna5r@photographer.net,treatment,personalization,0
apriliakhairiyah@spamslicer.com,treatment,personalization,0
kamelialenitadfs@mail2neil.com,treatment,personalization,1
bintangdhana7au@macbox.com,treatment,personalization,0
aviana8@baldmama.de,treatment,personalization,1
sintamastura7@from-outerspace.com,control,generic,0
keumalahayatiyy@noavar.com,treatment,personalization,1
niovv@deskpilot.com,treatment,personalization,1
lestarixm@expressasia.com,control,generic,0
tembangjahja5@noblepioneer.com,treatment,personalization,1
hafisah@o2.pl,treatment,personalization,0
annisah@registerednurses.com,control,generic,0
jefrij@upc.nl,treatment,personalization,0
agoengvt@rotfl.com,control,generic,0
muthiap6f@mail2blues.com,treatment,personalization,0
bentangmunawart0@ovpn.to,treatment,personalization,0
haryv0@townisp.com,control,generic,1
rizalzulkifli@mailsiphon.com,control,generic,0
widodonoerdin5@thexyz.com,control,generic,1
firarizka31n@mail2comedian.com,treatment,personalization,0
whisnui@mail2dude.com,control,generic,0
sakinahervianary@mail2hank.com,treatment,personalization,0
chairunisaf5@cornerpub.com,treatment,personalization,0
priyoceceng3k@yahoo.net,control,generic,0
yosuajusufv@mailme.dk,control,generic,0
noeryana5n@ididitmyway.com,treatment,personalization,0
daudeq@sudoverse.net,treatment,personalization,0
angkasa_@mail2yes.com,control,generic,0
hendrarasyadb4@indocities.com,control,generic,1
rivinah9@computermail.net,control,generic,0
muhammadctr@the18th.com,treatment,personalization,1
ahdii@mail2juan.com,treatment,personalization,1
retifatheressiaqs@trash-mail.at,control,generic,0
ahmadfahmie8lm@mail2sail.com,control,generic,0
nanikkasih48@postmark.net,treatment,personalization,0
raffirizal3r@siteposter.net,treatment,personalization,0
kamaruzzamanjwa@objectmail.com,treatment,personalization,1
ratnacandracandra@ro.ru,control,generic,0
zamzami@freedom.usa.com,treatment,personalization,0
yoshamelatiq3@technisamail.co.za,control,generic,0
basyir_@bettergolf.net,treatment,personalization,1
nikson6@kaixo.com,control,generic,0
zaenabchodijaha@artlover.com,control,generic,0
livikhairunisaay@mycleaninbox.net,treatment,personalization,0
arif@donegal.net,control,generic,0
banyuiwans@mail2doctor.com,control,generic,0
oshadewianad@16mail.com,control,generic,0
effendy5@lavache.com,control,generic,1
agoeszdq@eastmail.com,control,generic,0
zamzambalikve@from-spain.net,treatment,personalization,0
najibah2@brew-meister.com,control,generic,0
dhana@mail2fiji.com,control,generic,0
riduanfn@secretemail.de,treatment,personalization,0
achmada2a@mail2heidi.com,treatment,personalization,0
susilatana1@xmail.com,treatment,personalization,0
adithyamuslim2@ag.us.to,treatment,personalization,0
haedarmarno@china.com,treatment,personalization,0
bulansitieco@ecbsolutions.net,control,generic,0
cahyadifajarv@centermail.com,control,generic,0
ceudahm@ml1.net,control,generic,1
basuki7x@7mail.ml,treatment,personalization,1
zulkiflysuparman_bs@mail2everything.com,treatment,personalization,0
andinitheressia_c@mail2search.com,control,generic,0
abdulfandy@spl.at,control,generic,1
hamdansuparman3i@yahoo.cn,treatment,personalization,0
susiloc@ukbuilder.com,control,generic,0
hakiemx@opoczta.pl,control,generic,0
chrismansyahdeksfv@partlycloudy.com,control,generic,0
ceudahfairuzaht@mail2lust.com,control,generic,0
malikixff@mail2studio.com,control,generic,0
isninjk@everymail.net,treatment,personalization,0
soeriantomulyanab@fastmail.in,treatment,personalization,1
yesayalatipr_x@ilovejesus.com,control,generic,0
kamaruzzamanp@yahoo.net,treatment,personalization,0
wibawamursyidb@blink182.net,treatment,personalization,0
saniahf97@wegwerfemail.de,control,generic,1
sundarik@wtvhmail.com,treatment,personalization,0
hanifah4@oldies104mail.com,treatment,personalization,0
puspa1i@mail2zephir.com,control,generic,0
lestarisariwatii4@racingfan.com.au,treatment,personalization,1
nyomanika@hkg.net,treatment,personalization,0
shianewahidahb@mail2missouri.com,treatment,personalization,1
gandungdurahman62@shieldedmail.com,treatment,personalization,1
aninditavnx@outlook.in,treatment,personalization,0
abdurrasyidabdrahmanx@totalmail.de,control,generic,0
kuat4l@timormail.com,treatment,personalization,0
skolastikao6i@from-outerspace.com,treatment,personalization,0
masturahwidia0@teleworm.us,control,generic,1
farhanahratih5@apexmail.com,control,generic,0
joesoefkrisno@sci.fi,treatment,personalization,0
durahmanhendra@mail2join.com,control,generic,0
imanz@correo.terra.com.gt,control,generic,0
adhityazulkhairie@mail2caterer.com,control,generic,1
moammarbudiman@alivance.com,treatment,personalization,0
arsalyb@webprogramming.com,treatment,personalization,0
hidayatai2@andylau.net,treatment,personalization,0
rata3r@fatyachts.com,control,generic,0
suryackm@mailinator.us,treatment,personalization,0
ishak5lr@mail2estonia.com,control,generic,0
achmadhafidzm6@xmastime.com,treatment,personalization,1
chaidarf57@leehom.net,treatment,personalization,0
karimahfakhriahur@bluemail.dk,control,generic,0
kartikadp@radiku.ye.vc,control,generic,0
machmud96@whipmail.com,control,generic,0
azimahzalmazfl@mail2uk.com,control,generic,1
gracellasvg@mlb.bounce.ed10.net,treatment,personalization,0
efendi8d@internetbiz.com,control,generic,1
husinlukman9@mail2melissa.com,control,generic,0
wisnurizalt@33mail.com,control,generic,0
azan@mail2utah.com,treatment,personalization,0
ardy9t_@peachworld.com,control,generic,0
kusumakadek0_@informaticos.com,control,generic,0
nurma9t@mail2bernard.com,treatment,personalization,0
setyawatio@scottishmail.co.uk,treatment,personalization,0
khrisnahakiemdv@typemail.com,control,generic,0
bernardiasintaye@4warding.com,control,generic,0
farhanahatirah9il@au.ru,treatment,personalization,0
agnifadlan@federalcontractors.com,treatment,personalization,0
rikanbd@eresmas.com,treatment,personalization,1
ridhom_@mail2lao.com,control,generic,0
sofyanyakobusx@backfliper.com,treatment,personalization,0
boentoroe@mail2black.com,treatment,personalization,1
nengahkv3@tbwt.com,treatment,personalization,0
priskiananurhasanahz@i-love-cats.com,treatment,personalization,0
muchammad1@tempmaildemo.com,treatment,personalization,1
nadimah62@email.ru,treatment,personalization,1
fachryjanurixpj@lakmail.com,treatment,personalization,1
rochani2q@mail2algeria.com,control,generic,0
edhiibrahimpt@yahoo.com.sg,control,generic,1
rahmat_@ummah.org,treatment,personalization,0
galihsurianao1y@mail2letter.com,control,generic,0
roestamsubrotod@imstressed.com,control,generic,0
livitiyana@every1.net,treatment,personalization,0
yeremiamuslim08@fake-mail.cf,treatment,personalization,1
meitaalimahps@mailftp.com,control,generic,0
anwarujangm@lolnetwork.net,treatment,personalization,0
wibawaluthfis9@soodomail.com,control,generic,0
ayinsitir@sniper.hu,treatment,personalization,0
buanamuslim0@mail2stanley.com,treatment,personalization,0
yudamatheas4@for-president.com,treatment,personalization,1
cahyaningsihseri@lackmail.ru,control,generic,0
adenanmuslim6@mail2lynn.com,control,generic,0
darmaaditia6@mail.pt,control,generic,0
erwianadewiana_x5@mail2sexy.com,treatment,personalization,1
tri@mail2miracle.com,treatment,personalization,0
junaediputra6@mail2taz.com,treatment,personalization,0
hasibah_@asean-mail,treatment,personalization,0
zulkarnaingandungn@fromminnesota.com,treatment,personalization,0
mamattaufiq61@otakumail.com,control,generic,0
nengahliang40@mail2carolyn.com,control,generic,0
dekssyarif@outlook.com.gr,control,generic,0
keumala_p@ghanamail.com,treatment,personalization,0
cucu50@roosh.com,treatment,personalization,0
sopiahrm@4mg.com,control,generic,0
edhiee5t@tiscali.be,control,generic,0
najibahdfb@disposableinbox.com,treatment,personalization,0
nuraisyahnurhayatid6@mail2gary.com,control,generic,0
sumitra@mail2jumbo.com,treatment,personalization,0
dewir@uomail.com,control,generic,1
nurjannahzaenab@qatarmail.com,control,generic,0
solehhv@nowhere.org,control,generic,0
gugum1b@cox.net,control,generic,1
ahdiaswin2z@zdorovja.net,treatment,personalization,0
ependi06@sagra.lu,treatment,personalization,0
donisetiawanwi@the-captain.com,control,generic,1
mawarl@rsub.com,treatment,personalization,0
nafisahratup2@unican.es,control,generic,1
teguhazisb@dmitry.ru,treatment,personalization,0
syahidk@mail2mankind.com,treatment,personalization,1
luthfiahfauziahvb@malayalapathram.com,control,generic,0
hidayatullahairlanggax@internet-club.com,control,generic,0
murniendangf@premium-mail.fr,control,generic,1
rafianagw@mail2sean.com,treatment,personalization,0
taibagoesk1@mail2jeweler.com,treatment,personalization,1
aisyahrahmah8l@tempthe.net,treatment,personalization,0
rennyaintan@autorambler.ru,control,generic,0
fauziahfatimahnq3@gawab.com,treatment,personalization,0
rajakrisna_0@mail2tickets.com,treatment,personalization,0
nasirah_@workmail.co.za,control,generic,0
jamiluddin1@newsboysmail.com,control,generic,0
gustiazizul3x@mail2margie.com,control,generic,0
irawatykieranax@lolito.tk,control,generic,1
amsala@mail2sean.com,treatment,personalization,0
liangningsihh@yahoo.pl,control,generic,0
ujangaawsg@mail2croatia.com,treatment,personalization,1
suhartomuslimink@fortuncity.com,control,generic,0
wulandari7v@mail2airforce.com,control,generic,0
nimasd@berkscounty.com,treatment,personalization,1
kalsum_7c@the-country.com,control,generic,0
wisnubrotoxgu@gothere.uk.com,treatment,personalization,0
rasyidsubrotoak@mauana.nl,control,generic,0
ayubux@fastmail.us,control,generic,0
kuwatgunturnm@riopreto.com.br,treatment,personalization,1
chaerunnisaeko@mail2julian.com,control,generic,0
noerdin_@1chuan.com,control,generic,1
widyaningsihseptuagesimai@live.co.uk,treatment,personalization,0
marlikakm@mail2hongkong.com,control,generic,0
khairiyahfachriahj3@enel.net,control,generic,0
whisnumalikiyh@1freeemail.com,treatment,personalization,1
anes327@dvd-fan.net,treatment,personalization,1
syaripahluthfiyahoeq@mail2milkyway.com,control,generic,1
setyaningsihfitrianaha@mail2ice-cream.com,control,generic,0
danial@netfirms.com,treatment,personalization,0
basyir9@xyz.am,control,generic,0
putu8c@mail2iris.com,treatment,personalization,0
ichsan@amuromail.com,control,generic,0
andhika1@baluch.com,treatment,personalization,1
zahrahikau5@getairmail.com,treatment,personalization,0
hamdiyahpr@abdulnour.com,control,generic,0
vidiasuryawatif8@from-italy.net,treatment,personalization,1
nurhidayahazizahy0@pookmail.com,control,generic,0
afendyaditiav@mail2beach.com,control,generic,0
riwinsukarnole@7tags.com,treatment,personalization,0
gunturwidodo89@junk1e.com,control,generic,1
etik9@mail.md,control,generic,0
latipahmelurq3@bounce.net,treatment,personalization,0
ceceng0w5@0815.su,control,generic,1
rayachotijahf@nwldx.com,treatment,personalization,0
farihaho9@spacewar.com,control,generic,0
meutiaj@safetypost.de,treatment,personalization,0
aminullah23y@sukhumvit.net,treatment,personalization,0
theressiah@mail2hungary.com,treatment,personalization,0
zulkiflymukhammadk8h@lover-boy.com,treatment,personalization,0
cintamelati4gw@bigassweb.com,treatment,personalization,1
izzatiwkn@wir-haben-nachwuchs.de,control,generic,0
bahirahg@city-of-swansea.com,treatment,personalization,0
achmed_d@gramszu.net,control,generic,1
kautsarmarcem@sesmail.com,control,generic,0
rustamp@workmail.com,control,generic,0
atanasiafitriyanao@mypersonalemail.com,control,generic,0
ciptasuhaili0@oceanfree.net,treatment,personalization,1
sarih@mail2northdakota.com,treatment,personalization,0
dillahsr@mail2caroline.com,treatment,personalization,1
hartogedeay3@rodrun.com,control,generic,1
agungbudhir69@safersignup.de,treatment,personalization,1
batman0@oldbuthealthy.com,treatment,personalization,0
afdhal7y@mail-center.com,control,generic,0
irawati@mail2freddie.com,control,generic,0
muhaiminrachmana@sofimail.com,treatment,personalization,0
muchamadbanyuqh@yours.com,treatment,personalization,0
muin3f@lakmail.com,treatment,personalization,0
deuisgracelia@360.ru,treatment,personalization,0
tousakomariahqup@tortenboxer.de,treatment,personalization,0
rizkynioae8@mail2eu.com,treatment,personalization,1
deasypuspitap@coid.biz,treatment,personalization,1
marlikamulyaningsiha8@slaskpost.se,treatment,personalization,0
subratado7@pakistanoye.com,treatment,personalization,0
fakhriyahor@toolsource.com,control,generic,0
hawariahevanovagd@rediff.com,control,generic,0
abdiqj9@vcmail.com,control,generic,0
ratrirahmawatixm6@mail2billy.com,control,generic,0
noldisoekarnoz@optonline.net,treatment,personalization,0
mulyanaw@nightmail.ru,treatment,personalization,0
prettyh_8@1mail.net,control,generic,0
junitamaimunahc_d@mail2marsha.com,treatment,personalization,1
muchtarq@maildrop.cc,control,generic,0
elyasr5z@mail2cliff.com,treatment,personalization,1
mutyapertiwikyb@spamday.com,control,generic,1
wirantoacengf@mail2computers.com,control,generic,0
abdurachmanhidayati0m@nospamfor.us,control,generic,1
cintau@balochistan.org,treatment,personalization,0
mansurchairuld@cynetcity.com,control,generic,1
taibeq@anjungcafe.com,control,generic,0
meilisa7r@lovetohike.com,treatment,personalization,0
kasih88@mail2sound.com,control,generic,0
wilsapurnamatkn@mail2diane.com,treatment,personalization,0
cahyaskp@emailgroups.net,control,generic,0
jeumpad9e@0-mail.com,control,generic,0
wilsa3@collegeclub.com,treatment,personalization,0
retifau8a@in2jesus.com,control,generic,1
hitleriskandarin@usmc.net,treatment,personalization,0
dhiena@teenagedirtbag.com,treatment,personalization,0
pratiwiindahb@mail2arnold.com,control,generic,0
yuda6f@mail2hindu.com,control,generic,0
nabilahekayo@polizisten-duzer.de,treatment,personalization,0
jamiluddinhu@parsmail.com,treatment,personalization,0
komarudinkomaryou@busymail.com,control,generic,0
rafiqahbkm@trash2009.com,control,generic,0
hasanahiisxg@mynetstore.de,treatment,personalization,0
wulandarisetiawati6@mail2maldives.com,treatment,personalization,0
abdrazaksuryoo21@soon.com,control,generic,1
achmadmemet7@clearwire.net,control,generic,1
aai@girlsundertheinfluence.com,control,generic,1
subektizulkarnainr@owlpic.com,treatment,personalization,0
kawasamustofae@mailtv.net,control,generic,1
wangiok@mail2painter.com,treatment,personalization,0
hilmiabdurrahimiy8@emailer.hubspot.com,treatment,personalization,0
nurulhawariahtt@eastcoast.co.za,treatment,personalization,0
rohim7vd@bunko.com,control,generic,0
japamutya76@gehensiemirnichtaufdensack.de,treatment,personalization,0
suriana8@skunkbox.com,control,generic,0
bellia_@mail2recycle.com,control,generic,0
zulkifly6i@slo.net,treatment,personalization,0
halidasaidahky@shaw.ca,treatment,personalization,0
hasyimi6@the-prayer.com,control,generic,0
iwangusti@cornells.com,control,generic,1
bintidelima0n@lex.bg,control,generic,0
khaerunisao@strongguy.com,treatment,personalization,0
wisnubrotozkl@spamslicer.com,control,generic,1
bonifasiusi@idigjesus.com,control,generic,1
ipa6y@frommaryland.com,treatment,personalization,0
tipahzubaidah70@mail2indonesia.com,control,generic,1
fachrih@itmom.com,control,generic,1
eufrasiahasanah@dropmail.me,control,generic,1
fendybasriwp@disposableinbox.com,control,generic,1
majidahnajibahfrl@givepeaceachance.com,control,generic,0
abdurrahmanrafi@mail2ohio.com,treatment,personalization,0
feriskab@messagez.com,control,generic,1
lestari@thexyz.cn,treatment,personalization,0
fajarc@nogmailspam.info,treatment,personalization,0
salimahkhairiahl@nextmail.ru,control,generic,0
ambareha4hf@femenino.com,control,generic,0
wisnubrotozulhelmioa@artman-conception.com,control,generic,1
sophianrohim02s@mail2franklin.com,treatment,personalization,1
ardijec@webdream.com,treatment,personalization,0
meitapuspitaj08@mail2christmas.com,control,generic,1
tirtar@mail2pisces.com,treatment,personalization,0
japat@mail2oliver.com,control,generic,1
agus_b@aristotle.org,treatment,personalization,0
wawanu@money.net,treatment,personalization,0
kamaludinnoerdinwc@mail2french.com,control,generic,0
budionoazmi1f@webaddressbook.com,treatment,personalization,0
wandi4@jordanmail.com,control,generic,0
priyanto4@mailbr.com.br,control,generic,1
setyaningsihrizqiyaningsih4hx@home.ro,treatment,personalization,0
salmahyunitau@retailfan.com,control,generic,0
watis@ip6.pp.ua,control,generic,0
guruhalifgz@emailengine.org,treatment,personalization,0
atirah7c@mail2russia.com,control,generic,1
nimatullahyoh@fastmail.im,treatment,personalization,1
yakobus87@goplay.com,treatment,personalization,1
utaricitraj9@wollan.info,control,generic,1
husnahatiyahr@mail2college.com,control,generic,0
jamiluddin8i@jazzandjava.com,treatment,personalization,0
hamzahc@emailx.net,treatment,personalization,0
widiyantozulkifliodm@mail2stephanie.com,control,generic,0
intanervianaqp@palestinemail.com,treatment,personalization,0
ibrahimbonifasiusrf@xoommail.com,treatment,personalization,0
andi7z4@date.by,treatment,personalization,1
jamaludinafdhalf4@mail2optometrist.com,treatment,personalization,0
abdrazake7@jetable.net,control,generic,0
chairuddinagnip@ipdeer.com,control,generic,0
yatnobudionob@freebox.com,treatment,personalization,0
nio@mail2vickie.com,control,generic,0
mahmudielyasdd@astrosfan.com,control,generic,0
kalsum0@mail2lawrence.com,treatment,personalization,0
khalisahaisyahjb@imel.org,treatment,personalization,1
adityoslametv@singpost.com,treatment,personalization,0
efendi@canada.com,control,generic,1
jesie0t@150ml.com,control,generic,0
darmawatisamirahh@mail2maryland.com,treatment,personalization,0
batarij@mail2ok.com,treatment,personalization,0
kasepmamatf@margarita.ru,treatment,personalization,1
megobp@legalrc.loan,treatment,personalization,1
kadek@outlook.at,treatment,personalization,0
fandisubroto0vd@mail2india.com,control,generic,0
darmobudionog58@tiscali.be,control,generic,0
acmadmuhaiminm@anti-ignorance.net,control,generic,0
tut_jc@oopi.org,treatment,personalization,1
zulhadi@cnnsimail.com,control,generic,0
misbahanindya3t2@die-genossen.de,treatment,personalization,0
hafidzahf@k.ro,control,generic,0
susilaabdurrasyid@mail2guatemala.com,treatment,personalization,0
adityasmuhtadin_d@hidzz.com,treatment,personalization,0
faizahsyaripahm@chatlane.ru,treatment,personalization,0
zalmatijahmd6@mail2mexican.com,treatment,personalization,1
yudoau@spambog.net,control,generic,0
mardhiahkl@mail2touch.com,treatment,personalization,0
delimawayanyd3@looksmart.com,control,generic,0
atanasiaatiahww@xpectmore.com,control,generic,0
melurrindu6@test.de,treatment,personalization,0
respatimuliana7l@yahoo.fr,treatment,personalization,0
aditya@twentylove.com,control,generic,0
cinduabudhypg@indus.ru,control,generic,1
sylvianazs1@spankthedonkey.com,control,generic,0
mansyuruh@latemodels.com,control,generic,0
rahmawatimeutia2@postmark.net,treatment,personalization,0
memedzulhadi@mail4trash.com,treatment,personalization,0
zidanealiy@freebox.com,treatment,personalization,1
rachmanhafidz0f@mailnew.com,control,generic,0
raudhahxy@faroweb.com,control,generic,0
frizamunawarc7@oldies104mail.com,control,generic,0
khabib8i@quiklinks.com,treatment,personalization,0
suwarnocmg@kumarweb.com,treatment,personalization,0
muhamatg@shitaway.cu.cc,treatment,personalization,0
zulkarnaeng@ag.us.to,control,generic,0
halimahetizhx@speedrulz.com,control,generic,0
effendyt7@saudia.com,control,generic,0
ujangedhie@picusnet.com,control,generic,0
fauziahic@latinmail.com,treatment,personalization,0
madeeko8z@shortmail.net,control,generic,0
patriotlesmanau8b@buzy.com,control,generic,0
hitlerfax@ero-tube.org,control,generic,1
faesal7k@aol.com,control,generic,0
raffibudhip@userbeam.com,treatment,personalization,1
khairuddinedhiei@gfxartist.ru,control,generic,0
yudhoyonoahdixl@mail2belize.com,control,generic,0
donif@wtvhmail.com,control,generic,1
taufiqeffendiexew@tlcfan.com,control,generic,0
rina1v@veloxmail.com.br,control,generic,0
fandiues@8mail.ga,control,generic,0
hadiahoc@mail2computer.com,treatment,personalization,0
akhmatr@quiklinks.com,treatment,personalization,1
kasimfandy3r@emailtemporar.ro,treatment,personalization,0
sherly23@mjfrogmail.com,control,generic,1
agusn5@homestead.com,control,generic,0
rahmah2i@lastmail.co,control,generic,0
sadiah5@mail2idaho.com,control,generic,0
mamatkhairuli_@123qwe.co.uk,treatment,personalization,0
lestari8c7@ksanmail.com,treatment,personalization,0
gustiyl@inbox.com,control,generic,0
ratnaqc@winning.com,control,generic,0
hapsah5@email.su,treatment,personalization,1
nuraidazaitunig@sueddeutsche.de,control,generic,0
acmadd3s@leonlai.net,control,generic,0
chaerunisada@irj.hu,treatment,personalization,0
lusiannapatimahw@aaronkwok.net,control,generic,0
krisnaafdhalowv@hmamail.com,treatment,personalization,0
budiyohanessa@interia.pl,treatment,personalization,0
sukarno3@mail2troy.com,treatment,personalization,0
prasetyofahmiekv@3trtretgfrfe.tk,treatment,personalization,0
amran36@mail2white.com,treatment,personalization,0
ramlisubekti@teamtulsa.net,treatment,personalization,0
yesayaanugrahdt@mailshuttle.com,control,generic,1
rezkiwwu@qq.com,treatment,personalization,0
pratiwiannisahpcm@lovecat.com,treatment,personalization,1
zulaichakc@mail2pm.com,control,generic,0
raniahcahayakyw@1musicrow.com,control,generic,0
afdalbis1@mail2donald.com,treatment,personalization,0
eneng2rv@tempmail.it,control,generic,0
timotiusarilu@ec.rr.com,treatment,personalization,0
azimah1@mail2tonga.com,control,generic,0
xaveriusikramullahx@yourteacher.net,treatment,personalization,0
setyawandarmawanvir@mystupidjob.com,control,generic,1
nengahip1@premium-mail.fr,control,generic,1
muchlisbp@graduate.org,treatment,personalization,0
ceudahvinatarl@mail2parker.com,treatment,personalization,0
roestamabdillah7@thrott.com,treatment,personalization,1
hawariahr@mail2brunei.com,treatment,personalization,1
farihahqd0@mailtag.com,treatment,personalization,0
mahmudmqy@whoever.com,treatment,personalization,1
tipahlatipadt@zoominternet.net,control,generic,0
kuatmansur6q@f1fans.net,control,generic,0
ratnan@imaginemail.com,treatment,personalization,0
ekac7v@mail2iceland.com,control,generic,0
aminahdianm@hey.to,treatment,personalization,0
kalsummasudahjb@email60.com,control,generic,1
effendyt7@wmail.cf,control,generic,0
faridah3@acninc.net,treatment,personalization,0
mukhlisnimatullah6ky@emails.ru,treatment,personalization,1
rizkasyahidah2@mailinator.com,treatment,personalization,0
adhitya4h@mail2sylvia.com,control,generic,0
bagoesfahmy@loobie.com,treatment,personalization,1
timotiusrizalwg@llandudno.com,treatment,personalization,0
izzatieka8@mail2larry.com,treatment,personalization,0
memoirws@kgb.hu,treatment,personalization,0
wahidahraya@outlook.co.th,treatment,personalization,1
marwilisnn@mailasia.com,control,generic,0
acengv0@ahaa.dk,treatment,personalization,0
hamengkubuwonoibrohimy0@mail2create.com,control,generic,0
hamidah32@mail.by,control,generic,0
afendi7@metta.lk,treatment,personalization,1
hafizatl@ijustdontcare.com,control,generic,0
agoengakhmat1@blackburnmail.com,control,generic,0
pitalokashwita5@mail2zurich.com,treatment,personalization,0
fauziyudoo8i@immo-gerance.info,treatment,personalization,0
aini2r_@albawaba.com,treatment,personalization,0
nurfaizahnuraisyahl@mail2safe.com,treatment,personalization,1
putueka7@index.ua,treatment,personalization,0
nimahzulaicha5@fromohio.com,treatment,personalization,0
putroekarimah_3@popsmail.com,control,generic,0
sherlymeilianifd@yandex.mail,control,generic,0
melurnorjannah@mail2trump.com,treatment,personalization,0
marzuki5l4@live.ru,treatment,personalization,0
budiononugrohod@dingbone.com,treatment,personalization,0
mahfudzahintenpj@postpro.net,control,generic,0
muslimnikodemusfx@mail2leon.com,treatment,personalization,0
khaerunisasopiahy87@idigjesus.com,treatment,personalization,0
dickybayu6sb@corporatedirtbag.com,control,generic,0
jelitamxt@dropzone.com,control,generic,0
fadiyahjunita_s@outlook.fr,treatment,personalization,1
abdrazakkr@edtnmail.com,treatment,personalization,0
hanafi9h@football.theboys.com,control,generic,0
jumadisofyan2@mail2human.com,treatment,personalization,1
muhamatzefanyaf@swedenmail.com,control,generic,0
zulkipliz5@thesimpsonsfans.com,treatment,personalization,0
ajikrisnaue2@moomia.com,control,generic,0
nenengxx@y7mail.com,treatment,personalization,0
shofiah8h@mail2joanna.com,treatment,personalization,1
mahfudsofyan@frommiami.com,treatment,personalization,0
mustapajxx@4email.com,control,generic,0
prasetyoguruhw7@virtualmail.com,treatment,personalization,0
memoirsuryana@mail2skater.com,control,generic,1
amsalsyahnazk9m@mail2shirley.com,control,generic,0
janurisaepuloht7@wegwerf-emails.de,control,generic,0
malikahbunga@greensloth.com,treatment,personalization,1
faridahcu@airforce.net,treatment,personalization,1
dhiendamarf@airforceemail.com,control,generic,0
sulaemansetyawan6@heavynoize.net,treatment,personalization,1
chadijahluthfiyaho9@agoodmail.com,control,generic,0
suwarnof@mail2japan.com,treatment,personalization,0
aziemg@poofy.org,treatment,personalization,0
